"claim_id","function_address","idb_label_unverified","semantic_claim","evidence_kind","instruction_sites","evidence_cache","port_consumer","remaining_uncertainty","capture_status"
"CPU335-V01","0x7d59b0","CMap__LocateViewerMapObjs","Runtime object +0x0C mask 0x20 skips this placement; mask 0x400 chooses the second running query pool.","instruction-verified","0x7d5a11;0x7d5a14;0x7d5a1c;0x7d5a23","artifacts/client-335-shaders/ida/0x7d59b0.asm","WoWRenderLib.DX11/Renderer/Wrath335ViewerPlacementSelection.cs","Root skip-bit writer and all flag producers remain open. These are not MODF file flags.","pending"
"CPU335-V02","0x7b64f0","CMapObjDef__UpdateMoved","Sets runtime object +0x0C bit 0x400 before updating transformed bounds.","instruction-verified","0x7b64fc","artifacts/client-335-shaders/ida/0x7b64f0.asm","WoWRenderLib.DX11/Renderer/WmoViewerPlacementState.cs","Whole transform/light/group update body and exact arithmetic remain a partial port.","pending"
"CPU335-V03","0x7b67b0","CMapObjDef__UpdateMatrix","Copies translation and forward/inverse matrices then calls the 0x7B64F0 flag/bounds writer.","instruction-verified","0x7b67be;0x7b67c1;0x7b67d4;0x7b67df;0x7b67eb;0x7b67f1","artifacts/client-335-shaders/ida/0x7b67b0.asm","WoWRenderLib.DX11/Objects/WMOContainer.cs","Native matrix conventions and x87 rounding versus System.Numerics need captures.","pending"
"CPU335-V04","0x7bf460","CMap__CreateMapObjDef","Clears runtime object +0x0C; reads file doodad/name sets; does not copy MODF +0x38 flags or read +0x3E scale in this body.","instruction-verified","0x7bf4fc;0x7bf513;0x7bf51d","artifacts/client-335-shaders/ida/0x7bf460.asm","WoWRenderLib.DX11/Managers/SceneManager.Streaming.cs","Native static rotation/scale and other constructors remain open.","pending"
"CPU335-V05","0x7bf460","CMap__CreateMapObjDef","Stored MODF bounds are axis-reflected and translated: min=(-max.Z,-max.X,min.Y)+offset; max=(-min.Z,-min.X,max.Y)+offset.","instruction-verified","0x7bf656;0x7bf66c;0x7bf686;0x7bf69c;0x7bf6ae","artifacts/client-335-shaders/ida/0x7bf460.asm","WoWRenderLib/Structs/Wrath335WmoPlacementBounds.cs;WoWRenderLib/Loaders/ADTLoader.cs","ADT uses the existing editor world origin; native offset producer and WDT-global constructor require closure.","pending"
"CPU335-V06","0x6ded60","TSList__LinkNodeToHeadByOffset","Unlinks an existing node then appends after the current last link and updates the last-link field; its Head label is misleading.","instruction-verified","0x6dedac;0x6dedaf;0x6dedb4;0x6dedb7;0x6dedbb","artifacts/client-335-shaders/ida/0x6ded60.asm;artifacts/client-335-shaders/ida/0x7d7260.asm","WoWRenderLib.DX11/Renderer/WmoSceneViewerQuery.cs","Native creation/removal/reinsertion timing versus scene insertion still needs captures.","pending"
"CPU335-V07","0x7beae0","TSHashTable__CMapObjDef__InsertEntry","Calls 0x6DED60 for a hash bucket and then the table's all-entry list.","instruction-verified","0x7beb19;0x7beb1f;0x7beb22","artifacts/client-335-shaders/ida/0x7beae0.asm;artifacts/client-335-shaders/ida/0x7bf460.asm","WoWRenderLib.DX11/Renderer/WmoSceneViewerQuery.cs","Allocation/hash lifetime and complete list initialization are not ported.","pending"
"CPU335-V08","0x7d59b0","CMap__LocateViewerMapObjs","Accepted exterior geometry/portal clears the pool's placement but retains its updated fraction; a miss leaves its prior placement intact.","instruction-verified","0x7d5b73;0x7d5b7f;0x7d5c0f;0x7d5c1c;0x7d5c55;0x7d5c5f","artifacts/client-335-shaders/ida/0x7d59b0.asm","WoWRenderLib.DX11/Renderer/Wrath335ViewerPlacementSelection.cs","Group availability/order and native fraction handoff still require closure.","pending"
"CPU335-V09","0x7d59b0","CMap__LocateViewerMapObjs","Normal pool has priority regardless of the other pool distance; promote the other placement and its group pair only when normal is empty.","instruction-verified","0x7d5c96;0x7d5c9a;0x7d5ca1;0x7d5ca9;0x7d5cab;0x7d5cae","artifacts/client-335-shaders/ida/0x7d59b0.asm","WoWRenderLib.DX11/Renderer/Wrath335ViewerPlacementSelection.cs","Both placements now seed WMO traversal; global exterior/sky views and lighting consumers remain partial.","pending"
"CPU335-V10","0x7d59b0","CMap__LocateViewerMapObjs","Portal starts with independent fraction 1.05; strict portalFraction-currentPoolFraction < 0.0001f accepts an override and stores its fraction.","instruction-verified","0x7d5bb0;0x7d5bfc;0x7d5c0f","artifacts/client-335-shaders/ida/0x7d59b0.asm","WoWRenderLib.DX11/Renderer/Wrath335WmoViewerQuery.cs","x87 evaluation/store boundaries and portal broad-phase kernels require captures.","pending"
"CPU335-V11","0x7d7260","CMapBaseObj__constructor","Initializes an empty tagged list terminator and zeroes runtime +0x0C.","instruction-verified","0x7d7273;0x7d7276;0x7d7278;0x7d727f;0x7d7282;0x7d728f","artifacts/client-335-shaders/ida/0x7d7260.asm","WoWRenderLib.DX11/Renderer/WmoViewerPlacementState.cs","Other runtime flag writers and object lifecycle paths remain open.","pending"
"CPU335-V12","0x7b6f60","CMapObjDef__SetDoodadsEnabled","The apparent 0x20 writer modifies child doodad records reached through group links; it does not establish the root WMO placement skip-bit writer.","pseudocode-dataflow-inspected","0x7b7029","artifacts/client-335-shaders/ida/0x7b6f60.c","docs/reference/client-335/CPU_SCENE_AUDIT.md","Verify child layouts with instructions; recover the root skip-bit writer separately.","pending"
"CPU335-V13","0x795d40","CWorldScene__LocateViewer3","Resets viewer placements/groups; queries terrain then 0x7D59B0; registers returned group pairs for both placements.","instruction-verified","0x795dcc;0x795ded;0x795e9f;0x795eb7;0x795f59;0x795f71","artifacts/client-335-shaders/ida/0x795d40.asm","WoWRenderLib.DX11/Renderer/WmoSceneViewerQuery.cs","Global exterior/sky/lighting consumers and native terrain handoff remain incomplete.","pending"
"CPU335-V14","0x7ad1f0","CMapObj__RenderPortalOcclusionPass","Consumes the caller's deduplicated group registry; loaded group mask 0x48 sets the strict-interior marker but does not prevent traversing that registered group.","instruction-verified","0x7ad24e;0x7ad275;0x7ad27e;0x7ad284;0x7ad2a4","artifacts/client-335-shaders/ida/0x7ad1f0.asm","WoWRenderLib.DX11/Renderer/WmoPortalVisibility.cs","Global exterior portal views and strict-interior consumers beyond this WMO helper remain open.","pending"
"CPU335-V15","0x792fc0","CWorldScene__AddViewerGroup","Deduplicates group indices before appending them to the per-placement registry.","instruction-verified","0x792fd4;0x792fd9;0x792fe3;0x79304b;0x793050","artifacts/client-335-shaders/ida/0x792fc0.asm","WoWRenderLib.DX11/Renderer/WmoPortalVisibility.cs","Native registry allocation/lifetime is not ported; two query groups fit inline editor state.","pending"
"CPU335-V16","0x7ae7b0","CMapObj__GetGroupFlags","Reads flags from root +0x130 table with 32-byte group stride when root +0x1E0 is nonzero; this is distinct from loaded MOGP flags at group +0x30.","instruction-verified","0x7ae7b3;0x7ae7c5;0x7ae7cb;0x7ae7ce","artifacts/client-335-shaders/ida/0x7ae7b0.asm;artifacts/client-335-shaders/ida/0x7ad1f0.asm","WoWRenderLib.DX11/Renderer/WmoPortalVisibility.cs","Original group availability/order and mismatched MOGI/MOGP captures remain open.","pending"
"CPU335-V17","0x79a870","CWorldScene__Render","Seeds the selected secondary placement first; resets accumulated view state; then seeds primary. Without a primary placement the exterior/sky view is full screen.","instruction-verified","0x79a985;0x79a99e;0x79a9eb;0x79aa21;0x79aa2c;0x79aaa7;0x79aac6","artifacts/client-335-shaders/ida/0x79a870.asm","WoWRenderLib.DX11/Renderer/WmoSceneViewerQuery.cs","Both WMO seeds are consumed; global view reset/ordering and scene/sky suppression are not yet ported.","pending"
"CPU335-V18","0x7b3b20","CWorldScene_RenderMapObjLiquids","Installs callback 0x799310 with the placement as context then forwards model/inverse matrices; camera data and the group registry to 0x7AD1F0. The Liquids label does not describe the complete role.","instruction-verified","0x7b3b27;0x7b3b2c;0x7b3b42;0x7b3b49;0x7b3b59","artifacts/client-335-shaders/ida/0x7b3b20.asm","WoWRenderLib.DX11/Renderer/WmoPortalVisibility.cs","Callback body; recursive/reentrant writers and all callers require closure.","pending"
"CPU335-V19","0x7a6b40","CMapObj__SetGroupRenderCallback","Stores first argument to 0xD1BED8 and context argument to 0xD1BEDC; 0x7AD32F calls the pointer loaded from 0xD1BED8.","instruction-verified","0x7a6b49;0x7a6b4e;0x7ad31e;0x7ad32f","artifacts/client-335-shaders/ida/0x7a6b40.asm;artifacts/client-335-shaders/ida/0x7ad1f0.asm","docs/reference/client-335/cpu-evidence.json","0x799310 is installed by the scene seed adapter; complete callback target closure remains pending.","pending"
"CPU335-V20","0x795400","CWorldScene__Update","Resets sky/exterior rectangle minima to FLT_MAX; maxima to -FLT_MAX and distance fields to -1. Secondary seeding in 0x79A870 is followed by the same reset before primary seeding.","instruction-verified","0x795423;0x795446;0x79546a;0x795490;0x79a99e;0x79a9eb;0x79aa0b;0x79aa2c","artifacts/client-335-shaders/ida/0x795400.asm;artifacts/client-335-shaders/ida/0x79a870.asm;artifacts/client-335-shaders/ida/portal-scene-constants.json","WoWRenderLib.DX11/Renderer/Wrath335PortalSceneViews.cs","Secondary visibility remains prepared later; native callback order and other side effects are not closed.","pending"
"CPU335-V21","0x795d40","CWorldScene__LocateViewer3","ORs both primary registry groups' MOGI flags; mask 0x40140 initializes a full 0..1 sky view with distance zero and unions it into 0xADF570.","instruction-verified","0x795ee1;0x795eff;0x795f08;0x795f25;0x795f33","artifacts/client-335-shaders/ida/0x795d40.asm;artifacts/client-335-shaders/ida/0x790570.asm","WoWRenderLib.DX11/Renderer/WmoScenePortalPreparation.cs","Full sky seed is discarded when a secondary placement exists; pending WMO blend-sky model and captures.","pending"
"CPU335-V22","0x7ac060","CMapObj__RRenderThruPortals","Interior pass emits a view when destination MOGI flags intersect 0x50148; mask 0x10008 also feeds the exterior union and stops recursion into that destination.","instruction-verified","0x7ac3c0;0x7ac3ce;0x7ac3d8;0x7ac3df","artifacts/client-335-shaders/ida/0x7ac060.asm","WoWRenderLib.DX11/Renderer/WmoPortalVisibility.cs","Clip-buffer occlusion; global exterior consumers; pending skybox model; native availability/order and capture.","pending"
"CPU335-V23","0x7a8f20","CMapObj__AddPortalView","Sets per-portal cache bit 4 before offset projection; offset is +0.01 times the local normal when side <=0 and negative when side >0. The emitted rectangle is not intersected with its recursion parent.","instruction-verified","0x7a8f2e;0x7a8f3b;0x7a8f4a;0x7a8f6d;0x7a8fd1;0x7a902d;0x7a9061;0x7a9072","artifacts/client-335-shaders/ida/0x7a8f20.asm;artifacts/client-335-shaders/ida/portal-scene-constants.json","WoWRenderLib.DX11/Renderer/WmoPortalVisibility.cs","Native corner/facet and x87 rounding; camera-relative projection; clip-volume early-out and portal-view buffer remain partial.","pending"
"CPU335-V24","0x7a70d0","ComputeMaxProjectedVertexDistance","Starts maximum distance at zero and considers all original portal vertices along the local viewer axis; setup normalizes that axis only when squared length >0.0001.","instruction-verified","0x7a70d6;0x7a70db;0x7a70fb;0x7a7137;0x7a71de;0x7a6f5f;0x7a6f6d;0x7a6fb7","artifacts/client-335-shaders/ida/0x7a70d0.asm;artifacts/client-335-shaders/ida/0x7a6e00.asm","WoWRenderLib.DX11/Renderer/Wrath335PortalSceneViews.cs","Exact target-point magnitude; local transform arithmetic; staged plane-D rounding and x87 precision require captures.","pending"
"CPU335-V25","0x7905b0","RectFExt__UnionInPlaceMaxField10ClearField18","Unions four rectangle fields; retains maximum distance at +0x10 and clears +0x18. Wrappers 0x790AB0 and 0x790AD0 target sky 0xADF570 and exterior 0xADF58C respectively.","instruction-verified","0x7905c3;0x7905de;0x7905ec;0x7905f5;0x790607;0x790abc;0x790adc","artifacts/client-335-shaders/ida/0x7905b0.asm;artifacts/client-335-shaders/ida/0x790ab0.asm;artifacts/client-335-shaders/ida/0x790ad0.asm","WoWRenderLib.DX11/Renderer/Wrath335PortalSceneViews.cs","Remaining view-list fields; complement generation and occlusion consumers remain open.","pending"
"CPU335-V26","0x7f09b0","DayNight__RenderSky","Intersects the supplied normalized rectangle with the current viewport; empty intersection submits no sky. Enables scissor and supplies the intersection without cropping projection.","instruction-verified","0x7f0a1c;0x7f0a2f;0x7f0a40;0x7f0aa3;0x7f0aa8;0x7f0ab9","artifacts/client-335-shaders/ida/0x7f09b0.asm;artifacts/client-335-shaders/ida/0x682e70.asm","WoWRenderLib.DX11/Renderer/SkyRenderer.cs","Sub-viewports; sky depth range; viewer-liquid suppression; blend-sky override; native state stack and pixel captures remain.","pending"
"CPU335-V27","0x6a38d0","CGxDeviceD3d__IStateSyncScissorRect","Window branch flips normalized Y; integer low edges add 0.5 and high edges add 1 before truncation; edges are clamped to window dimensions. Texture-target branch does not flip Y.","instruction-verified","0x6a3902;0x6a3919;0x6a3928;0x6a3931;0x6a3942;0x6a395e;0x6a3973;0x6a3980;0x6a39a9;0x6a39c1","artifacts/client-335-shaders/ida/0x6a38d0.asm","WoWRenderLib.DX11/Renderer/Wrath335SkyScissor.cs","Only window-orientation mapping is ported; DX9 texture-target orientation and vtable target closure remain open.","pending"
"CPU335-V28","0x79a870","CWorldScene__Render","Sky distance below zero selects current fog clear color; nonnegative distance allows the sky block; nonzero viewer-liquid type skips 0x7F09B0.","instruction-verified","0x79ab5f;0x79ab6a;0x79ab6c;0x79ac41;0x79ac4c;0x79acb5;0x79acbc","artifacts/client-335-shaders/ida/0x79a870.asm","WoWRenderLib.DX11/Managers/SceneManager.cs","Closed-interior clear and sky visibility are ported. Viewer-liquid state; staged override clear and exact frame ordering remain open.","pending"
"CPU335-V29","0x7a7210","CMapObj__TestPortalSideIntersection","Strict -0.01 < local plane distance < +0.01 and native major-axis polygon containment set cache bit 2; full-screen projection shares the viewer's asymmetric boundary rule.","instruction-verified","0x7a721b;0x7a7239;0x7a723b;0x7a724b;0x7a7258;0x7a727a;0x7a7289","artifacts/client-335-shaders/ida/0x7a7210.asm;artifacts/client-335-shaders/ida/0x9830d0.asm","WoWRenderLib.DX11/Renderer/Wrath335PortalProjection.cs","Exact x87 intermediate precision and all original normal/D writers remain open; the signed side test remains strict.","pending"
"CPU335-V30","0x7a72a0","CWorldScene__ClipWorldPolygonAgainstPlanes","Clip first five normalized world planes; classify >+0.0001 inside and <-0.0001 outside, inclusive band on-plane. Store float distances but classify and interpolate with x87 intermediates; emit current-to-next order without duplicate on-plane intersections.","instruction-verified","0x7a7490;0x7a7494;0x7a74a2;0x7a74ba;0x7a751e;0x7a7538;0x7a7565;0x7a7586;0x7a75ee","artifacts/client-335-shaders/ida/0x7a72a0.asm;artifacts/client-335-shaders/ida/0x7912c0.asm","WoWRenderLib.DX11/Renderer/Wrath335PortalProjection.cs","Native corner/facet construction rounding, camera-relative transforms and clip-volume early-out are not fully reproduced.","pending"
"CPU335-V31","0x983e70","CFrustum__CalcPlanesFromCorners","Facet arguments put top/bottom/left/right/far first and near sixth. Projection and corner builders establish internal -1..1 depth; DX9 converts to 0..1. Five-plane portal clipping omits near, correcting the earlier far-plane assumption.","instruction-verified","0x983e8d;0x983ea7;0x983ebb;0x983ed2;0x983eeb;0x983f30;0x6bf48e;0x6bf49f;0x6a9b58;0x6a9bdb","artifacts/client-335-shaders/ida/0x983e70.asm;artifacts/client-335-shaders/ida/0x6bf370.asm;artifacts/client-335-shaders/ida/0x6bf6d0.asm;artifacts/client-335-shaders/ida/0x984240.asm;artifacts/client-335-shaders/ida/0x6a9b40.asm","WoWRenderLib.DX11/Renderer/Wrath335PortalProjection.cs","The DX11 implementation derives mathematically equivalent normalized planes from its world matrix; native corner reconstruction/rounding and all projection modes need captures.","pending"
"CPU335-V32","0x7ac060","CMapObj__RRenderThruPortals","Iterate only owner MOGP MOPR ranges; null destination FFFF skips before reading portal index. No reverse-reference requirement. Skip only previous group; depth <= max processes portals and depth > max returns before callback. Default bytes at ADFE40 are 10 and 9CE7E0 syncs D1BEE4.","instruction-verified","0x7ac072;0x7ac194;0x7ac1a9;0x7ac1cd;0x9ce7e0;0x9ce7e5","artifacts/client-335-shaders/ida/0x7ac060.asm;artifacts/client-335-shaders/ida/0x9ce7e0.asm;artifacts/client-335-shaders/ida/portal-boundary-constants.json","WoWRenderLib.DX11/Loaders/WMOLoader.cs;WoWRenderLib.DX11/Renderer/WmoPortalVisibility.cs","Native group availability/order, loader writers and full City traversal captures remain open; malformed out-of-range destinations fail graph validation safely.","pending"
"CPU335-V33","0x7ac060","CMapObj__RRenderThruPortals","Loaded MOGP 10000 returns before callback; target MOGI metadata/emission precedes recursive loaded-group lookup. Exterior pass stops destination mask 10008 without direct group callback; callbacks instead come from exterior seeds.","instruction-verified","0x7ac082;0x7ac09d;0x7ac0ea;0x7ac1de;0x7ac3d8;0x7ac3df;0x7ac3ef","artifacts/client-335-shaders/ida/0x7ac060.asm;artifacts/client-335-shaders/ida/0x7aea80.asm;artifacts/client-335-shaders/ida/0x7aeb10.asm;artifacts/client-335-shaders/ida/0x7b3a10.asm","WoWRenderLib.DX11/Renderer/WmoPortalVisibility.cs","Streaming removes absent groups from render resources; all root metadata must remain available. Shared callback writer closure, global exterior distance/list exceptions and clip buffer remain open.","pending"
"CPU335-V34","0x7a6b90","Compute2dBoundsFromVertices","Projected X writes rectangle +4/+12 and Y writes +0/+8. Recursion clamps max-X twice and leaves max-Y unclamped. FloatsApproxEqual rejects abs(a-b) < epsilon, accepting exact 0.001 width/height.","instruction-verified","0x7a6be4;0x7a6bf7;0x7a6c09;0x7a6c1b;0x7ac33d;0x7ac354;0x7ac360;0x482876;0x482883","artifacts/client-335-shaders/ida/0x7a6b90.asm;artifacts/client-335-shaders/ida/0x7ac060.asm;artifacts/client-335-shaders/ida/0x482870.asm","WoWRenderLib.DX11/Renderer/WmoPortalVisibility.cs","Exact projected numerical boundaries still need client traces; preserve the unusual max-Y rule instead of a generic symmetric intersection.","pending"
"CPU335-V35","0x7a9200","CWorldScene__ProjectPortalPolygonAndAddView","Exterior emission tests per-portal bits C, projects the signed 0.01 normal offset, retains projected points and sets bit 8 even if no valid polygon. Recursion's depth-zero back-facing links add full blocker rectangles; disjoint local views are forwarded.","instruction-verified","0x7a9212;0x7a922c;0x7a9247;0x7a92a6;0x7a9365;0x7a936a;0x7ac272;0x7ac291;0x7ac416;0x7ac64f","artifacts/client-335-shaders/ida/0x7a9200.asm;artifacts/client-335-shaders/ida/0x7ac060.asm","docs/reference/client-335/CPU_SCENE_AUDIT.md","Entire exterior blocker/projected-point/complement/view-volume draw stage is unported; callback, top-level gate and clip-enable writers need closure.","pending"
"CPU335-V36","0x7aea80","CMapObj__GetGroup","Group lookup requires root +1E0 availability, obtains slot +1F8 and checks loaded-state byte +198 bit 1 unless forced. Group-info lookup uses +130 plus index*32 with no index validation; FFFF does not establish an exterior viewer sentinel.","instruction-verified","0x7aea83;0x7aea8f;0x7aea96;0x7aeaa3;0x7aeb13;0x7aeb25;0x7aeb28","artifacts/client-335-shaders/ida/0x7aea80.asm;artifacts/client-335-shaders/ida/0x7aeb10.asm","WoWRenderLib.DX11/Loaders/WMOLoader.cs;WoWRenderLib.DX11/Renderer/WmoPortalVisibility.cs","Exact native loaded-state writers, resource order and viewer behavior for null-target assets remain open. Native recursion explicitly skips FFFF.","pending"
