"setting","ui_range_lead","ultra_lead","reference_source","runtime_reference","renderer_binding","audit_status"
"farclip","OPTIONS_FARCLIP_MIN..OPTIONS_FARCLIP_MAX; step range/10","1277","WTEditor.Avalonia/Views/SettingsWindow.axaml.cs client UI comments","World__ValidateFarClip 0x780770; remaining setters/scene consumers open","WrathFarClip; WorldRenderingRules","partial-port; scene fade/LOD and captures pending"
"farClipOverride","boolean","unspecified","IDA World__ValidateFarClip 0x780770","s_cvFarClipOverride; map exceptions 575/543; expansion memory branch >1GiB","WrathFarClipOverride; Wrath335FarClip.Validate","validation recovered; capture pending"
"TerrainMip","0..1; step 1; logout","1","WTEditor.Avalonia/Views/SettingsWindow.axaml.cs client UI comments","registration/callback/texture-mip consumers pending","none","discovery-lead; runtime meaning pending"
"particleDensity","0.1..1.0; step 0.1","1.0","WTEditor.Avalonia/Views/SettingsWindow.axaml.cs client UI comments","emitter eligibility/rate and caps pending","none; editor particle distance percentage is a separate control","discovery-lead; CPU simulation and SM3 contracts pending"
"environmentDetail","0.5..1.5; step 0.25","1.5","WTEditor.Avalonia/Views/SettingsWindow.axaml.cs client UI comments","scene model/doodad culling/fades and LOD consumers pending","none; editor minimum-pixel rule is separate","discovery-lead; CPU consumers pending"
"groundEffectDensity","16..64; step 8","64","WTEditor.Avalonia/Views/SettingsWindow.axaml.cs client UI comments","detail doodad seeding/placement/budget consumers pending","none","discovery-lead; CPU/detail shaders pending"
"groundEffectDist","70..140; step 10","140","WTEditor.Avalonia/Views/SettingsWindow.axaml.cs client UI comments","detail placement/fade/bucket consumers pending","none","discovery-lead; CPU/detail shaders pending"
"BaseMip","0..1; step 1","1","WTEditor.Avalonia/Views/SettingsWindow.axaml.cs client UI comments","texture loading/mip cache consumers pending","none","discovery-lead; runtime meaning pending"
"extShadowQuality","0..4; step 1","4","WTEditor.Avalonia/Views/SettingsWindow.axaml.cs client UI comments","CShadowQuery quality/caps/cascade/cache and sampler selectors pending","none","discovery-lead; CPU/shadow SM3 pending"
"textureFilteringMode","0..5; step 1; restart","5","WTEditor.Avalonia/Views/SettingsWindow.axaml.cs client UI comments","sampler filtering/anisotropy/mip bias/caps pending","none","discovery-lead; state consumers pending"
"weatherDensity","0..3; step 1","3","WTEditor.Avalonia/Views/SettingsWindow.axaml.cs client UI comments","weather volumes/particle density/frame-order consumers pending","none","discovery-lead; CPU/effects shaders pending"
"componentTextureLevel","8..9; step 1; restart","9","WTEditor.Avalonia/Views/SettingsWindow.axaml.cs client UI comments","character component composition/texture resources pending","none","discovery-lead; CPU/asset lifecycle pending"
"specular","boolean; logout","1","WTEditor.Avalonia/Views/SettingsWindow.axaml.cs client UI comments","terrain/material selector and lighting constants pending","none","discovery-lead; CPU/SM3 selectors pending"
"ffxGlow","boolean","1","WTEditor.Avalonia/Views/SettingsWindow.axaml.cs client UI comments","FFX/capability/resource/parameter contracts not yet closed","DisableScreenGlow; SceneGlowRenderer","partial-port; complete SM3 and frame captures pending"
"ffxDeath","boolean","1","WTEditor.Avalonia/Views/SettingsWindow.axaml.cs client UI comments","death state/full-screen constants/targets/order pending","none","discovery-lead; CPU/FFX shaders pending"
"projectedTextures","boolean","1","WTEditor.Avalonia/Views/SettingsWindow.axaml.cs client UI comments","projected batch routing/clipping/material and shaders pending","none","discovery-lead; CPU/SM3 pending"
"quality","1..6; step 1; UI preset control","6","WTEditor.Avalonia/Views/SettingsWindow.axaml.cs client UI comments","recover preset assignment table and actual CVar writes; may be UI-only","none","discovery-lead; no guessed preset implementation"
"SkyCloudLOD","0..3","unspecified","existing renderer/lighting audit; not in the supplied effect-panel comments","cloud update/resolution and SM3 contracts; see lighting plan","SkyCloudLod; SkyRenderer","partial-port; captures pending"
