"caller_address","caller_name","site_address","instruction","classification","target_address","target_review"
"0x793760","CWorldScene__UpdateCullSortLists","0x793813","call CMapChunk__UpdateCameraFacingVertexRows","named-direct","0x7cfb10","pending"
"0x793760","CWorldScene__UpdateCullSortLists","0x793881","call CMapChunk__UpdateCameraFacingVertexRows","named-direct","0x7cfb10","pending"
"0x793760","CWorldScene__UpdateCullSortLists","0x7938bc","call CWorldScene__UpdateProjectedClipBufferFromLineSegment","named-direct","0x7cc880","pending"
"0x793760","CWorldScene__UpdateCullSortLists","0x79392c","call WorldSceneNode__DetachAndQueueForReuse","named-direct","0x7cca90","pending"
"0x793760","CWorldScene__UpdateCullSortLists","0x79393e","call TSExplicitList__UnlinkAllNodes","named-direct","0x7cecd0","pending"
"0x793760","CWorldScene__UpdateCullSortLists","0x793963","call WorldSceneNode__DetachAndQueueForReuse","named-direct","0x7cca90","pending"
"0x793d20","Liquid__BuildDrawInstances_ColorSplit","0x793de7","call CMapObj__GetGroup","named-direct","0x7aea80","pending"
"0x793d20","Liquid__BuildDrawInstances_ColorSplit","0x793df0","call CMapObjGroup__GetLiquidTypeId","named-direct","0x431f30","pending"
"0x793d20","Liquid__BuildDrawInstances_ColorSplit","0x793e26","call SysMsgPrintf","named-direct","0x4b5040","pending"
"0x793d20","Liquid__BuildDrawInstances_ColorSplit","0x793e9a","call WowClientDB__GetRecord; GetRecord(id): min=this[-1].m_records, max=this[-1].v_table; if id<min||id>max ret 0; else recordsById[id-min] (may be null). ID lookup.","named-direct","0x65c290","pending"
"0x793d20","Liquid__BuildDrawInstances_ColorSplit","0x793eab","call Liquid__CClientEnv__Create; Liquid::CClientEnvironment::Create(int useFixedLight). env[1]=0 ALWAYS (=> liquid always uses the EXTERIOR fog set in SetupFogAndLight @0x7D4F40), env[2]=arg.","named-direct","0x7d5120","pending"
"0x793d20","Liquid__BuildDrawInstances_ColorSplit","0x793eb8","call Liquid__CMeshGeomFactory__CreateForGroup","named-direct","0x7d49b0","pending"
"0x793d20","Liquid__BuildDrawInstances_ColorSplit","0x793efe","call Liquid__CMeshGeomFactory__SetUseAuthoredUV","named-direct","0x7d4360","pending"
"0x793d20","Liquid__BuildDrawInstances_ColorSplit","0x793f1c","call CMapObj__GetLiquidMaterialRuntimeRec; INTERIOR constColor source: GetLiquidMaterialRuntimeRec(root, node->groupNum) = root->materialList[ CMapObjGroup.luquidMaterialId (+0x130 = MLIQ.materialID, u16) ]; field +0x1C = SMOMaterial.diffColor. So INTERIOR liquid const vtx colour == root MOMT[MLIQ.materialID].diffColor (indirection: groupNum -> group -> luquidMaterialId -> MOMT).","named-direct","0x7a6d70","pending"
"0x793d20","Liquid__BuildDrawInstances_ColorSplit","0x793f36","call Liquid__CMeshGeomFactory__SetConstVertexColor; Liquid::CMeshGeomFactory::SetConstVertexColor(CImVector*). Writes factory+0x14 (ctor default 0xFFFFFFFF); CMapObjGroup__EmitLiquidVertex @0x7A7B00 emits it verbatim as the per-vertex COLOR0 for every WMO liquid vertex (BGRA->RGBA swizzled when caps.m_colorFormat == GxCF_rgba). EXTERIOR = 0xFFFFFFFF, INTERIOR = root->materialList[group->luquidMaterialId].diffColor (SMOMaterial+0x1C). This vertex colour is the D3D FFP material diffuse+ambient source (GxRs_ColorMaterial default 0 -> D3DMCS_COLOR1) and vertex.attrib[4] in vsLiquidWater*, i.e. it is LIT, not a constant register.","named-direct","0x7d43e0","pending"
"0x793d20","Liquid__BuildDrawInstances_ColorSplit","0x793f44","call Liquid__CMeshGeomFactory__SetGradientU; Liquid::CMeshGeomFactory::SetGradientU(float). Writes factory+0x20; CMapObjGroup__EmitLiquidVertex @0x7A7B00 emits it as TEXCOORD1.u (the gradient/depth-ramp texcoord U). 0.0 = WMO EXTERIOR (samples the coloured half of proceduralWmoWaterTex), 1.0 = WMO INTERIOR (samples the WHITE half). Terrain (CChunkGeomFactory @0x7CE390) hardcodes 0.0.","named-direct","0x7d4370","pending"
"0x793d20","Liquid__BuildDrawInstances_ColorSplit","0x793f49","call Liquid__CInstance__Create","named-direct","0x8a1b00","pending"
"0x793d20","Liquid__BuildDrawInstances_ColorSplit","0x793f52","call Liquid__CMaterialBank__GetMaterial; Liquid::CMaterialBank::GetMaterial - family keyed ONLY on LiquidType.MaterialID (record+56); every water row (1 Water, 2 Ocean, 13 WMO Water, 14 WMO Ocean, 17 WMO Water-Interior) has MaterialID 1, and the result is cached once per MaterialID in dword_D43B2C[matID]. So TERRAIN, EXTERIOR-WMO and INTERIOR-WMO water all share ONE material object and ONE shader pair - there is no interior/exterior branch here. WaterSpec vs WaterNoSpec is decided once by g_liquidProcWaterEnable @0xB23F68 (the 'specular' cvar, World::enables & 0x8000000), so the psLiquidWater +0.25 flat additive glint term applies to interior WMO water too.","named-direct","0x8a1fa0","pending"
"0x793d20","Liquid__BuildDrawInstances_ColorSplit","0x793f5d","call Liquid__CSettingsBank__GetSettings","named-direct","0x8a28f0","pending"
"0x793d20","Liquid__BuildDrawInstances_ColorSplit","0x793f87","call C44Matrix__operator_assign_C44Matrix","named-direct","0x407f80","pending"
"0x793d20","Liquid__BuildDrawInstances_ColorSplit","0x793fb3","call Liquid__CInstance__SubmitToDrawList","named-direct","0x8a20c0","pending"
"0x7964a0","CWorldScene__RenderMapObjDefGroups","0x7964b2","call CGxDevice__RsPush","named-direct","0x409670","pending"
"0x7964a0","CWorldScene__RenderMapObjDefGroups","0x7964d7","call CWorldScene__CopyFrustumState","named-direct","0x790020","pending"
"0x7964a0","CWorldScene__RenderMapObjDefGroups","0x7964dc","call CShadowCache__SetShadowMapGenericGlobal","named-direct","0x8744e0","pending"
"0x7964a0","CWorldScene__RenderMapObjDefGroups","0x79665d","call C44Matrix__Translate","named-direct","0x4c1b30","pending"
"0x7964a0","CWorldScene__RenderMapObjDefGroups","0x796671","call operator_mul_C44Matrix_C44Matrix","named-direct","0x4c1f00","pending"
"0x7964a0","CWorldScene__RenderMapObjDefGroups","0x7966e2","call CGxDevice__SetTransform8MatrixAndShaderConstant31","named-direct","0x7a8320","pending"
"0x7964a0","CWorldScene__RenderMapObjDefGroups","0x796709","call eax","register-indirect","","pending"
"0x7964a0","CWorldScene__RenderMapObjDefGroups","0x796715","call Liquid__BuildCM2Lighting","named-direct","0x790440","pending"
"0x7964a0","CWorldScene__RenderMapObjDefGroups","0x796727","call CM2Scene__SelectLights; For each visible WMO group, CM2Scene__SelectLights contributes nearby scene lights to the group's CM2Lighting. CMapObj__SetupGroupLocalLights_ZeroEmissive later uploads the local-light block when m_lightCount is nonzero; strict-interior batch permutations may not consume that block.","named-direct","0x81e400","pending"
"0x7964a0","CWorldScene__RenderMapObjDefGroups","0x79673a","call edx; CORRECTION to prior note: this polymorphic call (*(*v3+4))(v3,&v28) is NOT CMapObj::SetLightingMode. SetLightingMode @0x7A8B10 is called PER-BATCH inside IntRender/ExtRender/UnifiedRender (only 3 callers), not from this vtable slot. This slot is the render-node's lighting-finalize on the CM2Lighting built by SelectLights. The ambient/sun bank (c9-c12) is chosen per-batch by group flags [group+0x30]&0x48; the local block (c17-c27) is uploaded once per group by SetupGroupLocalLights @0x7A9160 AFTER this call, for interior AND exterior alike.","register-indirect","","pending"
"0x7964a0","CWorldScene__RenderMapObjDefGroups","0x79673c","call DayNightGetInfo","named-direct","0x7ecef0","pending"
"0x7964a0","CWorldScene__RenderMapObjDefGroups","0x796753","call CMapObj__SetupGroupLocalLights_ZeroEmissive; SetupGroupLocalLights_ZeroEmissive @0x7A9160 reads CM2Lighting.m_lightCount (+0xA4). If nonzero, ComputeLocalLights @0x872900 packs up to four point lights (position, color, and attenuation) into 11 vec4 values and uploads shader constants c17..c27. The upload path is live but receives zero lights in stock execution.","named-direct","0x7a9160","pending"
"0x7964a0","CWorldScene__RenderMapObjDefGroups","0x79678a","call CMapObj__SetMapObjEmissiveBase_D1BEFC; sub_7A8430(Info[107]) sets MapObj emissive base dword_D1BEFC = DayNightInfo[+0x1AC] = D38CAC = exterior AMBIENT. Per-batch emissive (c29) = (D1BEFC + (F_SIDN? matSidn:0)) >>1 per channel = ext_ambient/2. Added OUTSIDE the MOCV multiply in the vshader.","named-direct","0x7a8430","pending"
"0x7964a0","CWorldScene__RenderMapObjDefGroups","0x7967aa","call CMapObj__RenderGroup","named-direct","0x7abf50","pending"
"0x7964a0","CWorldScene__RenderMapObjDefGroups","0x7968b6","call CGxDevice__RsPop","named-direct","0x685fb0","pending"
"0x7968d0","CWorldScene__BuildPortalViews","0x796bb7","call TSGrowableArray_CPortalView__SetCount","named-direct","0x794190","pending"
"0x7984a0","CWorldScene__RenderDetailDoodads","0x7984b2","call CGxDevice__RsPush","named-direct","0x409670","pending"
"0x7984a0","CWorldScene__RenderDetailDoodads","0x7984bf","call CGxDevice__XformPush","named-direct","0x57c3a0","pending"
"0x7984a0","CWorldScene__RenderDetailDoodads","0x7984cc","call CGxDevice__XformPush","named-direct","0x57c3a0","pending"
"0x7984a0","CWorldScene__RenderDetailDoodads","0x7984d1","call CDetailDoodad__InitializeRenderState","named-direct","0x7b2d30","pending"
"0x7984a0","CWorldScene__RenderDetailDoodads","0x798553","call Liquid__BuildCM2Lighting","named-direct","0x790440","pending"
"0x7984a0","CWorldScene__RenderDetailDoodads","0x798565","call CM2Scene__SelectLights; CM2Scene::SelectLights(CM2Lighting*).","named-direct","0x81e400","pending"
"0x7984a0","CWorldScene__RenderDetailDoodads","0x798578","call edx","register-indirect","","pending"
"0x7984a0","CWorldScene__RenderDetailDoodads","0x7985df","call C44Matrix__Translate","named-direct","0x4c1b30","pending"
"0x7984a0","CWorldScene__RenderDetailDoodads","0x7985ee","call CDetailDoodad__SetupVertexShaderConstants","named-direct","0x7b10e0","pending"
"0x7984a0","CWorldScene__RenderDetailDoodads","0x798606","call CM2Lighting__SetupGxLights; CM2Lighting::SetupGxLights -- builds the GX directional light (slot 0) for an M2 from the accumulated CM2Lighting. light.m_dir = this+120 (normalized m_diffuseLum dominant direction, computed by SetupSunlight). KEY: m_dir is the D3D-style TRAVEL direction (light points down, comes from above). fixed-function/BLS diffuse = N. (-m_dir), so a doodad whose diffuse dir is (-0.308,-0.308,-0.9) is lit from ABOVE on its TOP faces. otherwise interior doodads (Ironforge kegs/gears) were lit from below and read dull","named-direct","0x8353d0","pending"
"0x7984a0","CWorldScene__RenderDetailDoodads","0x798611","call CM2Lighting__SetupGxFog","named-direct","0x835750","pending"
"0x7984a0","CWorldScene__RenderDetailDoodads","0x7986a8","call CDetailDoodadBatch__DrawActive","named-direct","0x7b36b0","pending"
"0x7984a0","CWorldScene__RenderDetailDoodads","0x79877c","call CGxDevice__RsPop","named-direct","0x685fb0","pending"
"0x7984a0","CWorldScene__RenderDetailDoodads","0x798781","call CWorldScene__DrawDetailDoodadQuads","named-direct","0x797280","pending"
"0x7984a0","CWorldScene__RenderDetailDoodads","0x798786","call CWorldScene__RenderDetailDoodadBatch","named-direct","0x7cd930","pending"
"0x7984a0","CWorldScene__RenderDetailDoodads","0x79878b","call CWorldScene__RenderDetailDoodadBounds","named-direct","0x7976a0","pending"
"0x7989c0","CWorldScene__RenderChunksSinglePass","0x798a08","call CMapRenderChunk__SetShaders","named-direct","0x7d3e10","pending"
"0x7989c0","CWorldScene__RenderChunksSinglePass","0x798a34","call CGxDevice__RsSet_pointer_to_void","named-direct","0x685f50","pending"
"0x7989c0","CWorldScene__RenderChunksSinglePass","0x798a73","call CMapRenderChunk__RenderSetup","named-direct","0x7d04a0","pending"
"0x7989c0","CWorldScene__RenderChunksSinglePass","0x798a89","call CMapRenderChunk__s_renderLayersFunc","unresolved-symbol","","pending"
"0x7989c0","CWorldScene__RenderChunksSinglePass","0x798a9f","call CMapRenderChunk__RenderSinglePassVertexPixelShader","named-direct","0x7d2d70","pending"
"0x7989c0","CWorldScene__RenderChunksSinglePass","0x798aa6","call CMapRenderChunk__RenderSinglePassPixelShader","named-direct","0x7d28b0","pending"
"0x7989c0","CWorldScene__RenderChunksSinglePass","0x798bbe","call CGxDevice__RsSet_pointer_to_void","named-direct","0x685f50","pending"
"0x7989c0","CWorldScene__RenderChunksSinglePass","0x798bcc","call CGxDevice__RsSet_pointer_to_void","named-direct","0x685f50","pending"
"0x7989c0","CWorldScene__RenderChunksSinglePass","0x798c40","call C44Matrix__Translate","named-direct","0x4c1b30","pending"
"0x7989c0","CWorldScene__RenderChunksSinglePass","0x798cf5","call CMapChunkDebug_DrawVertexColumns","named-direct","0x7d40a0","pending"
"0x7989c0","CWorldScene__RenderChunksSinglePass","0x798d58","call TSExplicitList__UnlinkAllNodes","named-direct","0x7cecd0","pending"
"0x798da0","CWorldScene__RenderChunks","0x798db1","call CGxDevice__RsPush","named-direct","0x409670","pending"
"0x798da0","CWorldScene__RenderChunks","0x798e4a","call C44Matrix__Translate","named-direct","0x4c1b30","pending"
"0x798da0","CWorldScene__RenderChunks","0x798e9c","call C44Matrix__operator_assign_C44Matrix","named-direct","0x407f80","pending"
"0x798da0","CWorldScene__RenderChunks","0x798eac","call CMapRenderChunk__InitializeVertexShaderConstants; Terrain vertex-shader constants. Fog block @0x7CFFAD: if GxMasterEnable(Fog): k = 1/(Info[37] - Info[36]); c30 = (-(1.0*k), Info[37]*k, Info[38], 0) i.e. the SAME packing as CShaderEffect::SetFogParams, using the STAGED fog set (start D38B90 / end D38B94 / rate D38B98). Else c30 = (0, 1, 1, 0). Terrain pixel fog colour = DNInfo+140 = D38B8C (staged colour) uploaded as PS c2 by CWorldScene::RenderChunks @0x7990D9.","named-direct","0x7cfbe0","pending"
"0x798da0","CWorldScene__RenderChunks","0x798ebd","call DayNightGetInfo","named-direct","0x7ecef0","pending"
"0x798da0","CWorldScene__RenderChunks","0x798ef7","call CGxDevice__IRsDirty","named-direct","0x685970","pending"
"0x798da0","CWorldScene__RenderChunks","0x798f38","call CGxDevice__IRsDirty","named-direct","0x685970","pending"
"0x798da0","CWorldScene__RenderChunks","0x798f6a","call CGxDevice__IRsDirty","named-direct","0x685970","pending"
"0x798da0","CWorldScene__RenderChunks","0x798fa0","call CGxDevice__IRsDirty","named-direct","0x685970","pending"
"0x798da0","CWorldScene__RenderChunks","0x798fb7","call CGxDevice__SetFloatRenderState","named-direct","0x763c70","pending"
"0x798da0","CWorldScene__RenderChunks","0x798ff7","call CGxDevice__IRsDirty","named-direct","0x685970","pending"
"0x798da0","CWorldScene__RenderChunks","0x79901e","call CGxDevice__IRsDirty","named-direct","0x685970","pending"
"0x798da0","CWorldScene__RenderChunks","0x799053","call CGxDevice__IRsDirty","named-direct","0x685970","pending"
"0x798da0","CWorldScene__RenderChunks","0x799084","call DayNightGetInfo","named-direct","0x7ecef0","pending"
"0x798da0","CWorldScene__RenderChunks","0x799091","call CGxDevice__Caps; Returns &this->m_caps (CGxDevice + 0x214). m_colorFormat lives at m_caps + 0x14 (= CGxDevice + 0x228). m_colorFormat is RT/screen output format, NOT BLP byte order.","named-direct","0x532af0","pending"
"0x798da0","CWorldScene__RenderChunks","0x7990c6","call CGxDevice__IRsDirty","named-direct","0x685970","pending"
"0x798da0","CWorldScene__RenderChunks","0x7990d9","call C4Vector__constructor","named-direct","0x984c90","pending"
"0x798da0","CWorldScene__RenderChunks","0x7990f6","call eax","register-indirect","","pending"
"0x798da0","CWorldScene__RenderChunks","0x7990fe","call CGxDevice__Caps; Returns &this->m_caps (CGxDevice + 0x214). m_colorFormat lives at m_caps + 0x14 (= CGxDevice + 0x228). m_colorFormat is RT/screen output format, NOT BLP byte order.","named-direct","0x532af0","pending"
"0x798da0","CWorldScene__RenderChunks","0x79912e","call CGxDevice__IRsDirty","named-direct","0x685970","pending"
"0x798da0","CWorldScene__RenderChunks","0x799139","call CShadowCache__SetShadowMapTerrain","named-direct","0x874660","pending"
"0x798da0","CWorldScene__RenderChunks","0x799143","call DayNightGetInfo","named-direct","0x7ecef0","pending"
"0x798da0","CWorldScene__RenderChunks","0x799173","call CGxDevice__IRsDirty","named-direct","0x685970","pending"
"0x798da0","CWorldScene__RenderChunks","0x7991a0","call CGxDevice__IRsDirty","named-direct","0x685970","pending"
"0x798da0","CWorldScene__RenderChunks","0x7991d1","call CGxDevice__IRsDirty","named-direct","0x685970","pending"
"0x798da0","CWorldScene__RenderChunks","0x7991fe","call CGxDevice__IRsDirty","named-direct","0x685970","pending"
"0x798da0","CWorldScene__RenderChunks","0x79922b","call CGxDevice__IRsDirty","named-direct","0x685970","pending"
"0x798da0","CWorldScene__RenderChunks","0x799258","call CGxDevice__IRsDirty","named-direct","0x685970","pending"
"0x798da0","CWorldScene__RenderChunks","0x799263","call CWorldScene__RenderChunksSinglePass","named-direct","0x7989c0","pending"
"0x798da0","CWorldScene__RenderChunks","0x799268","call CWorldScene__RenderChunksSolid","named-direct","0x793b10","pending"
"0x798da0","CWorldScene__RenderChunks","0x79926d","call CWorldScene__RenderChunksZoneDebug","named-direct","0x793c30","pending"
"0x798da0","CWorldScene__RenderChunks","0x7992f8","call CGxDevice__RsPop","named-direct","0x685fb0","pending"
"0x799f80","CWorldScene__CullMapObjGroupsAndInteriors","0x799fa6","call CWorldScene__CopyFrustumState","named-direct","0x790020","pending"
"0x799f80","CWorldScene__CullMapObjGroupsAndInteriors","0x799faf","call CWorldScene__FrustumSet","named-direct","0x790af0","pending"
"0x799f80","CWorldScene__CullMapObjGroupsAndInteriors","0x79a0d6","call CFrustum__Cull","named-direct","0x9839e0","pending"
"0x799f80","CWorldScene__CullMapObjGroupsAndInteriors","0x79a0e8","call CWorldScene__CullMapObjDefGroupFromExterior","named-direct","0x7b3a10","pending"
"0x799f80","CWorldScene__CullMapObjGroupsAndInteriors","0x79a0f4","call CWorldScene__ClassifyFadeDistance; CWorldScene::ClassifyFadeDistance(dist) -> required minimum doodad sizeCat for that distance. Returns 0 if dist^2 < s_fadeDistMaxSqr[0] (30^2); 1 if < maxSqr[1] (100*envDetail)^2; 2 if < maxSqr[2] (200*envDetail)^2; 4 if >= maxSqr[3] (750*envDetail)^2; else 3. Callers skip any doodad whose sizeCat byte (CMapDoodadDef+0x24) is < this value. envDetail = CVar 'environmentDetail' clamped [0.5,1.5] via CWorldParam__EnvironmentDetail@0x78DC60 -> CWorldScene__ScaleFadeDist@0x78F570. Categories 0 and 4 are NOT scaled by envDetail.","named-direct","0x78fb60","pending"
"0x799f80","CWorldScene__CullMapObjGroupsAndInteriors","0x79a11c","call CWorldScene__CullDoodadsInterior","named-direct","0x799b70","pending"
"0x799f80","CWorldScene__CullMapObjGroupsAndInteriors","0x79a13c","call CWorldScene__CullEntitysInterior","named-direct","0x793270","pending"
"0x79a260","CWorldScene__CullInteriorGroups","0x79a2a8","call CMapObj__GetGroupFlags","named-direct","0x7ae7b0","pending"
"0x79a260","CWorldScene__CullInteriorGroups","0x79a2c3","call CWorldScene__ClassifyFadeDistance; CWorldScene::ClassifyFadeDistance(dist) -> required minimum doodad sizeCat for that distance. Returns 0 if dist^2 < s_fadeDistMaxSqr[0] (30^2); 1 if < maxSqr[1] (100*envDetail)^2; 2 if < maxSqr[2] (200*envDetail)^2; 4 if >= maxSqr[3] (750*envDetail)^2; else 3. Callers skip any doodad whose sizeCat byte (CMapDoodadDef+0x24) is < this value. envDetail = CVar 'environmentDetail' clamped [0.5,1.5] via CWorldParam__EnvironmentDetail@0x78DC60 -> CWorldScene__ScaleFadeDist@0x78F570. Categories 0 and 4 are NOT scaled by envDetail.","named-direct","0x78fb60","pending"
"0x79a260","CWorldScene__CullInteriorGroups","0x79a2eb","call CWorldScene__CullDoodadsInterior","named-direct","0x799b70","pending"
"0x79a260","CWorldScene__CullInteriorGroups","0x79a30b","call CWorldScene__CullEntitysInterior","named-direct","0x793270","pending"
"0x79a790","CWorldScene__CullSortTable","0x79a7a5","call CWorldScene__CullClipVolumesAgainstFrustum","named-direct","0x7cd850","pending"
"0x79a790","CWorldScene__CullSortTable","0x79a7cd","call CWorldScene__CopyFrustumState","named-direct","0x790020","pending"
"0x79a790","CWorldScene__CullSortTable","0x79a7d6","call CWorldScene__FrustumSet","named-direct","0x790af0","pending"
"0x79a790","CWorldScene__CullSortTable","0x79a7f2","call CWorldScene__CullChunks","named-direct","0x799d40","pending"
"0x79a790","CWorldScene__CullSortTable","0x79a7fa","call CWorldScene__CullMapObjDefGroups","named-direct","0x79a160","pending"
"0x79a790","CWorldScene__CullSortTable","0x79a800","call CWorldScene__CullLiquid","named-direct","0x7935a0","pending"
"0x79a790","CWorldScene__CullSortTable","0x79a806","call CWorldScene__CullEntitys","named-direct","0x793060","pending"
"0x79a790","CWorldScene__CullSortTable","0x79a829","call CWorldScene__ClassifyFadeDistance; CWorldScene::ClassifyFadeDistance(dist) -> required minimum doodad sizeCat for that distance. Returns 0 if dist^2 < s_fadeDistMaxSqr[0] (30^2); 1 if < maxSqr[1] (100*envDetail)^2; 2 if < maxSqr[2] (200*envDetail)^2; 4 if >= maxSqr[3] (750*envDetail)^2; else 3. Callers skip any doodad whose sizeCat byte (CMapDoodadDef+0x24) is < this value. envDetail = CVar 'environmentDetail' clamped [0.5,1.5] via CWorldParam__EnvironmentDetail@0x78DC60 -> CWorldScene__ScaleFadeDist@0x78F570. Categories 0 and 4 are NOT scaled by envDetail.","named-direct","0x78fb60","pending"
"0x79a790","CWorldScene__CullSortTable","0x79a830","call CWorldScene__CullDoodads","named-direct","0x7987a0","pending"
"0x79a790","CWorldScene__CullSortTable","0x79a836","call CWorldScene__UpdateCullSortLists","named-direct","0x793760","pending"
"0x79a790","CWorldScene__CullSortTable","0x79a84b","call CWorldScene__CullHorizon","named-direct","0x791980","pending"
"0x7bb570","CShadowQuery__Update","0x7bb628","call CShadowCache__PreUpdate","named-direct","0x875c10","pending"
"0x7bb570","CShadowQuery__Update","0x7bb63c","call DayNight__GetSunDirectionOrCameraObjectPosition","named-direct","0x7bb3e0","pending"
"0x7bb570","CShadowQuery__Update","0x7bb64c","call CShadowCache__SetDebugParams","named-direct","0x874010","pending"
"0x7bb570","CShadowQuery__Update","0x7bb656","call CShadowCache__CreateResources","named-direct","0x875f80","pending"
"0x7bb570","CShadowQuery__Update","0x7bb65e","call CShadowCache__PostUpdate","named-direct","0x8750b0","pending"
"0x4f8ea0","CGWorldFrame__OnWorldRender","0x4f8ec9","call eax","register-indirect","","pending"
"0x4f8ea0","CGWorldFrame__OnWorldRender","0x4f8f2a","call CGxDevice__RsPush","named-direct","0x409670","pending"
"0x4f8ea0","CGWorldFrame__OnWorldRender","0x4f8f33","call GxRsSet_int32_t","named-direct","0x408bf0","pending"
"0x4f8ea0","CGWorldFrame__OnWorldRender","0x4f8f3d","call FFXGlow_SetParamsFromDayNight","named-direct","0x4f8770","pending"
"0x4f8ea0","CGWorldFrame__OnWorldRender","0x4f8f42","call FFX__Start","named-direct","0x8c1770","pending"
"0x4f8ea0","CGWorldFrame__OnWorldRender","0x4f8f5c","call Vec4NotEqual","named-direct","0x4f5d90","pending"
"0x4f8ea0","CGWorldFrame__OnWorldRender","0x4f8f7e","call GxSceneClear","named-direct","0x6813b0","pending"
"0x4f8ea0","CGWorldFrame__OnWorldRender","0x4f8fa4","call edx","register-indirect","","pending"
"0x4f8ea0","CGWorldFrame__OnWorldRender","0x4f8fd2","call GxXformViewport","named-direct","0x408070","pending"
"0x4f8ea0","CGWorldFrame__OnWorldRender","0x4f8fe6","call CGxDevice__GetRenderTargetSlotTexture","named-direct","0x682d50","pending"
"0x4f8ea0","CGWorldFrame__OnWorldRender","0x4f905a","call GxXformSetViewport","named-direct","0x681f60","pending"
"0x4f8ea0","CGWorldFrame__OnWorldRender","0x4f9062","call j_TextureCacheResetLoadCount","named-direct","0x4e6f80","pending"
"0x4f8ea0","CGWorldFrame__OnWorldRender","0x4f9067","call WorldRender__IncrementGlobalDword_D380A4","named-direct","0x7e5120","pending"
"0x4f8ea0","CGWorldFrame__OnWorldRender","0x4f9077","call CGUnit_C__NamePlateSetResortAll","named-direct","0x715380","pending"
"0x4f8ea0","CGWorldFrame__OnWorldRender","0x4f9086","call CShaderEffect__UpdateProjMatrix","named-direct","0x872c10","pending"
"0x4f8ea0","CGWorldFrame__OnWorldRender","0x4f909f","call World__Render","named-direct","0x77eff0","pending"
"0x4f8ea0","CGWorldFrame__OnWorldRender","0x4f90a4","call j_CWorldScene__RenderFootstepDecals","named-direct","0x77f070","pending"
"0x4f8ea0","CGWorldFrame__OnWorldRender","0x4f90af","call ClntObjMgrEnumVisibleObjects","named-direct","0x4d4b30","pending"
"0x4f8ea0","CGWorldFrame__OnWorldRender","0x4f90b6","call CGUnit_C__NamePlateSetResortAll","named-direct","0x715380","pending"
"0x4f8ea0","CGWorldFrame__OnWorldRender","0x4f90bd","call CGUnit_C__NamePlateUpdateLevels","named-direct","0x7153a0","pending"
"0x4f8ea0","CGWorldFrame__OnWorldRender","0x4f90c4","call CGUnit_C__NamePlateUpdateColor","named-direct","0x7153c0","pending"
"0x4f8ea0","CGWorldFrame__OnWorldRender","0x4f90d7","call SmartScreenRectClearGrid","named-direct","0x615890","pending"
"0x4f8ea0","CGWorldFrame__OnWorldRender","0x4f90dd","call CGUnit_C__UnitNameplatesReposition","named-direct","0x725890","pending"
"0x4f8ea0","CGWorldFrame__OnWorldRender","0x4f9108","call SetFloatField6","named-direct","0x81ca10","pending"
"0x4f8ea0","CGWorldFrame__OnWorldRender","0x4f911d","call CM2Scene__Draw; CM2Scene::Draw is a thin 0x9D-byte trampoline gated by (1 << pass) & scene[+0x144], the active-pass bitmask. It constructs CM2SceneRender on the stack and calls Draw once per pass with scene[15] (element pool), scene[4*pass+23] (per-pass index array), and scene[4*pass+22] (length). Pass 0 is drawn a second time with scene[18]/scene[19], the array44 doodad-proxy queue.","named-direct","0x823cb0","pending"
"0x4f8ea0","CGWorldFrame__OnWorldRender","0x4f9130","call Spell_C_RenderCursorWorldObjectProjection","named-direct","0x4f8a40","pending"
"0x4f8ea0","CGWorldFrame__OnWorldRender","0x4f9138","call World__GetCamPos","named-direct","0x780640","pending"
"0x4f8ea0","CGWorldFrame__OnWorldRender","0x4f9142","call GxuSortDrawList","named-direct","0x681ba0","pending"
"0x4f8ea0","CGWorldFrame__OnWorldRender","0x4f9147","call World__GetCamPos","named-direct","0x780640","pending"
"0x4f8ea0","CGWorldFrame__OnWorldRender","0x4f914f","call GxuFlushDrawList","named-direct","0x682960","pending"
"0x4f8ea0","CGWorldFrame__OnWorldRender","0x4f9154","call j_CWorldScene__RenderDetailDoodads","named-direct","0x77f010","pending"
"0x4f8ea0","CGWorldFrame__OnWorldRender","0x4f915b","call Liquid__GetUnderwaterDarkenInfo","named-direct","0x780620","pending"
"0x4f8ea0","CGWorldFrame__OnWorldRender","0x4f916b","call CM2Scene__Draw; CM2Scene::Draw is a thin 0x9D-byte trampoline gated by (1 << pass) & scene[+0x144], the active-pass bitmask. It constructs CM2SceneRender on the stack and calls Draw once per pass with scene[15] (element pool), scene[4*pass+23] (per-pass index array), and scene[4*pass+22] (length). Pass 0 is drawn a second time with scene[18]/scene[19], the array44 doodad-proxy queue.","named-direct","0x823cb0","pending"
"0x4f8ea0","CGWorldFrame__OnWorldRender","0x4f9170","call TailThunk_sub_790A80","named-direct","0x77f020","pending"
"0x4f8ea0","CGWorldFrame__OnWorldRender","0x4f9175","call CWorldScene__RenderWeather","named-direct","0x77f030","pending"
"0x4f8ea0","CGWorldFrame__OnWorldRender","0x4f9184","call RenderWorldBarriers","named-direct","0x77f980","pending"
"0x4f8ea0","CGWorldFrame__OnWorldRender","0x4f919a","call RenderWorldBarriers","named-direct","0x77f980","pending"
"0x4f8ea0","CGWorldFrame__OnWorldRender","0x4f91a6","call CM2Scene__Draw; CM2Scene::Draw is a thin 0x9D-byte trampoline gated by (1 << pass) & scene[+0x144], the active-pass bitmask. It constructs CM2SceneRender on the stack and calls Draw once per pass with scene[15] (element pool), scene[4*pass+23] (per-pass index array), and scene[4*pass+22] (length). Pass 0 is drawn a second time with scene[18]/scene[19], the array44 doodad-proxy queue.","named-direct","0x823cb0","pending"
"0x4f8ea0","CGWorldFrame__OnWorldRender","0x4f91ab","call CWorldScene__RenderWeather","named-direct","0x77f030","pending"
"0x4f8ea0","CGWorldFrame__OnWorldRender","0x4f91b0","call TailThunk_sub_790A80","named-direct","0x77f020","pending"
"0x4f8ea0","CGWorldFrame__OnWorldRender","0x4f91b9","call CM2Scene__Draw; CM2Scene::Draw is a thin 0x9D-byte trampoline gated by (1 << pass) & scene[+0x144], the active-pass bitmask. It constructs CM2SceneRender on the stack and calls Draw once per pass with scene[15] (element pool), scene[4*pass+23] (per-pass index array), and scene[4*pass+22] (length). Pass 0 is drawn a second time with scene[18]/scene[19], the array44 doodad-proxy queue.","named-direct","0x823cb0","pending"
"0x4f8ea0","CGWorldFrame__OnWorldRender","0x4f91cc","call Spell_C_RenderCursorWorldObjectProjection","named-direct","0x4f8a40","pending"
"0x4f8ea0","CGWorldFrame__OnWorldRender","0x4f91d4","call SpellVisualsTick","named-direct","0x7fca30","pending"
"0x4f8ea0","CGWorldFrame__OnWorldRender","0x4f91d9","call SpellVisualsRender","named-direct","0x7f9ec0","pending"
"0x4f8ea0","CGWorldFrame__OnWorldRender","0x4f91de","call CGWorldFrame__RenderUnitMissileTrajectory","named-direct","0x6fdfb0","pending"
"0x4f8ea0","CGWorldFrame__OnWorldRender","0x4f91e5","call CGWorldFrame__FlushPendingObjectCallbacks","named-direct","0x4f6f90","pending"
"0x4f8ea0","CGWorldFrame__OnWorldRender","0x4f91ea","call World_RenderLiquidParticulate","named-direct","0x77f9d0","pending"
"0x4f8ea0","CGWorldFrame__OnWorldRender","0x4f91ef","call NoOpStub_005EEB70","named-direct","0x5eeb70","pending"
"0x4f8ea0","CGWorldFrame__OnWorldRender","0x4f91f4","call World__GetCamPos","named-direct","0x780640","pending"
"0x4f8ea0","CGWorldFrame__OnWorldRender","0x4f91fe","call GxuSortDrawList","named-direct","0x681ba0","pending"
"0x4f8ea0","CGWorldFrame__OnWorldRender","0x4f9203","call World__GetCamPos","named-direct","0x780640","pending"
"0x4f8ea0","CGWorldFrame__OnWorldRender","0x4f920b","call GxuFlushDrawList","named-direct","0x682960","pending"
"0x4f8ea0","CGWorldFrame__OnWorldRender","0x4f9213","call DayNight__DrawTexturedViewports","named-direct","0x7f0870","pending"
"0x4f8ea0","CGWorldFrame__OnWorldRender","0x4f9218","call PlayerNameUpdateLate","named-direct","0x7e5580","pending"
"0x4f8ea0","CGWorldFrame__OnWorldRender","0x4f922d","call GxMasterEnableSet","named-direct","0x401260","pending"
"0x4f8ea0","CGWorldFrame__OnWorldRender","0x4f923b","call CGxDevice__RsPop","named-direct","0x685fb0","pending"
"0x4f8ea0","CGWorldFrame__OnWorldRender","0x4f9242","call SmartScreenRectClearGrid","named-direct","0x615890","pending"
"0x4f8ea0","CGWorldFrame__OnWorldRender","0x4f9248","call CGChatBubbleFrame__OnWorldRender","named-direct","0x56c7a0","pending"
"0x4f8ea0","CGWorldFrame__OnWorldRender","0x4f9279","call GxXformSetViewport","named-direct","0x681f60","pending"
"0x4f8ea0","CGWorldFrame__OnWorldRender","0x4f9281","call FFX__DoPass","named-direct","0x8c1010","pending"
"0x4f8ea0","CGWorldFrame__OnWorldRender","0x4f9286","call CVehiclePassenger_C__PostRenderUpdateAll","named-direct","0x747ae0","pending"
"0x77eff0","World__Render","0x77effe","call CWorldScene__Render; CLEAR COLOUR: sky visible -> 0x00000000 (black, the ADDITIVE dome paints over it); fully enclosed interior (flt_ADF580<0) -> Info[40]=g_currentFogColor; underwater or (!skyEnabled && overrideFog) -> Info[35]=g_dnStagedFogColor. Also: RenderSky is SKIPPED entirely when g_currentViewerLiquidTypeId != 0.","named-direct","0x79a870","pending"
"0x795400","CWorldScene__Update","0x795417","call NoOpStub_005EEB70","named-direct","0x5eeb70","pending"
"0x795400","CWorldScene__Update","0x795496","call TSGrowableArray_CPortalView__SetCount","named-direct","0x794190","pending"
"0x795400","CWorldScene__Update","0x7954a1","call TSGrowableArray_CPortalView__SetCount","named-direct","0x794190","pending"
"0x795400","CWorldScene__Update","0x795644","call CWorldScene_BuildOffsetClipPlanes","named-direct","0x7906c0","pending"
"0x795400","CWorldScene__Update","0x795665","call C44Matrix__operator_assign_C44Matrix","named-direct","0x407f80","pending"
"0x795400","CWorldScene__Update","0x795676","call C44Matrix__operator_assign_C44Matrix","named-direct","0x407f80","pending"
"0x795400","CWorldScene__Update","0x7956d2","call GxuXformCalcFrustumCorners","named-direct","0x6bf6d0","pending"
"0x795400","CWorldScene__Update","0x79584a","call CFrustum__CalcPlanesFromCorners@2","named-direct","0x984240","pending"
"0x795400","CWorldScene__Update","0x795879","call C44Matrix__Translate","named-direct","0x4c1b30","pending"
"0x795400","CWorldScene__Update","0x79588c","call operator_mul_C44Matrix_C44Matrix","named-direct","0x4c1f00","pending"
"0x795400","CWorldScene__Update","0x79595c","call CAaBox__Bounding","named-direct","0x984930","pending"
"0x795400","CWorldScene__Update","0x795a57","call CFrustum__CalcPlanesFromCorners@2","named-direct","0x984240","pending"
"0x795400","CWorldScene__Update","0x795b82","call GxuXformCreateLookAtSgCompat","named-direct","0x6bfe60","pending"
"0x795400","CWorldScene__Update","0x795bb2","call C44Matrix__Translate","named-direct","0x4c1b30","pending"
"0x795400","CWorldScene__Update","0x795bc7","call operator_mul_C44Matrix_C44Matrix","named-direct","0x4c1f00","pending"
"0x795400","CWorldScene__Update","0x795c5e","call OsGetAsyncTimeMs","named-direct","0x86ae20","pending"
"0x795400","CWorldScene__Update","0x795c69","call CWorldScene_UpdateGxuSceneObjects","named-direct","0x9a81f0","pending"
"0x795400","CWorldScene__Update","0x795cdf","call OsGetAsyncTimeMs","named-direct","0x86ae20","pending"
"0x795400","CWorldScene__Update","0x795cea","call CWorldScene_UpdateGxuSceneObjects","named-direct","0x9a81f0","pending"
"0x79a870","CWorldScene__Render","0x79a881","call CWorldScene__RebucketRenderNodesByDepth","named-direct","0x792bd0","pending"
"0x79a870","CWorldScene__Render","0x79a888","call CWorldScene__UpdateViewerLiquid; CWorldScene::UpdateViewerLiquid - the ONLY writer of g_currentViewerLiquidTypeId (0xCD8794) and g_underwaterDepthBelowSurface (0xCD8790). Called once per frame from CWorldScene::Render @0x79A888, i.e. AFTER DayNight::UpdateFog -> the fog/light underwater flag lags by one frame.","named-direct","0x790920","pending"
"0x79a870","CWorldScene__Render","0x79a893","call CGxDevice__RsPush","named-direct","0x409670","pending"
"0x79a870","CWorldScene__Render","0x79a8a0","call CGxDevice__XformPush","named-direct","0x57c3a0","pending"
"0x79a870","CWorldScene__Render","0x79a8d4","call CFrustum__CalcPlanesFromCorners@2","named-direct","0x984240","pending"
"0x79a870","CWorldScene__Render","0x79a910","call CGWorldFrame__GetActiveCamera","named-direct","0x4f5960","pending"
"0x79a870","CWorldScene__Render","0x79a91b","call eax","register-indirect","","pending"
"0x79a870","CWorldScene__Render","0x79a937","call CWorldScene__UpdateObjectFadeoutList","named-direct","0x782f20","pending"
"0x79a870","CWorldScene__Render","0x79a93c","call CMapRenderChunk__UpdatePools","named-direct","0x7ba600","pending"
"0x79a870","CWorldScene__Render","0x79a941","call CMapObj__UpdatePools","named-direct","0x7ae060","pending"
"0x79a870","CWorldScene__Render","0x79a946","call CDetailDoodad__UpdatePools; CDetailDoodad::UpdatePools -- s_vtxBufItems = s_idxBufItems = min(groundEffectDensity*64, 4096). Creates 128 vertex buffers (stride 36) + 128 index buffers (uint16) from two dynamic GX pools. Rebuilt whenever groundEffectDensity or groundEffectDist changes (s_bPoolDirty).","named-direct","0x7b2a80","pending"
"0x79a870","CWorldScene__Render","0x79a956","call _memset","named-direct","0x40bb80","pending"
"0x79a870","CWorldScene__Render","0x79a96f","call CShadowQuery_ResetClipVolumes","named-direct","0x7cd910","pending"
"0x79a870","CWorldScene__Render","0x79a974","call CWorldScene__BucketVisibleMapObjDefSegments","named-direct","0x7cc810","pending"
"0x79a870","CWorldScene__Render","0x79a99e","call CWorldScene_RenderMapObjLiquids","named-direct","0x7b3b20","pending"
"0x79a870","CWorldScene__Render","0x79aa11","call TSGrowableArray_CPortalView__SetCount","named-direct","0x794190","pending"
"0x79a870","CWorldScene__Render","0x79aa1c","call TSGrowableArray_CPortalView__SetCount","named-direct","0x794190","pending"
"0x79a870","CWorldScene__Render","0x79aa2c","call CWorldScene_RenderMapObjLiquids","named-direct","0x7b3b20","pending"
"0x79a870","CWorldScene__Render","0x79aa56","call CWorldScene__CullSortTable","named-direct","0x79a790","pending"
"0x79a870","CWorldScene__Render","0x79aa67","call CWorldScene__RecycleRenderNodes","named-direct","0x794250","pending"
"0x79a870","CWorldScene__Render","0x79aa80","call CWorldScene__CullMapObjGroupsAndInteriors","named-direct","0x799f80","pending"
"0x79a870","CWorldScene__Render","0x79ab22","call CWorldScene__CullSortTable","named-direct","0x79a790","pending"
"0x79a870","CWorldScene__Render","0x79ab2a","call CWorldScene__CullInteriorGroups","named-direct","0x79a260","pending"
"0x79a870","CWorldScene__Render","0x79ab2f","call CWorldScene__UpdateModelAnimationStates","named-direct","0x793450","pending"
"0x79a870","CWorldScene__Render","0x79ab39","call TSExplicitList__UnlinkAllNodes","named-direct","0x7cecd0","pending"
"0x79a870","CWorldScene__Render","0x79ab3e","call DayNightGetInfo","named-direct","0x7ecef0","pending"
"0x79a870","CWorldScene__Render","0x79ab4d","call CGxDevice__MasterEnable","named-direct","0x683100","pending"
"0x79a870","CWorldScene__Render","0x79ab84","call GetDword_D38AD0","named-direct","0x7ece00","pending"
"0x79a870","CWorldScene__Render","0x79ab9a","call GxSceneClear","named-direct","0x6813b0","pending"
"0x79a870","CWorldScene__Render","0x79aba7","call CWorldScene__RenderChildren","named-direct","0x9a80c0","pending"
"0x79a870","CWorldScene__Render","0x79abda","call CWorldScene__UpdateCameraPlaneFromPoint","named-direct","0x7bb670","pending"
"0x79a870","CWorldScene__Render","0x79ac08","call CM2Scene__AdvanceTime","named-direct","0x81c9c0","pending"
"0x79a870","CWorldScene__Render","0x79ac13","call CM2Scene__Animate","named-direct","0x821a20","pending"
"0x79a870","CWorldScene__Render","0x79ac1c","call CGUnit_C__UpdateMissileTrajectoryTargeting","named-direct","0x6fda20","pending"
"0x79a870","CWorldScene__Render","0x79ac21","call CShadowQuery__Update; CShadowQuery__Update: builds the SHADOW light direction from the sun light (CMap__s_sunLigh dir at +124/+128/+132 = x/y/z, z=UP). NOT the raw sun vector: z' = max(sun.z * 5.0, -1.2) STEEPENS the vertical component x5 and clamps so a low sun can't flatten/invert shadows, then normalize(x,y,z'). -> CShadowCache__PreUpdate/CreateResources/PostUpdate. This steepening is why client doodad shadows stay short/anchored across TOD instead of swinging long.","named-direct","0x7bb570","pending"
"0x79a870","CWorldScene__Render","0x79ac26","call CShaderEffect__UpdateProjMatrix","named-direct","0x872c10","pending"
"0x79a870","CWorldScene__Render","0x79ac2b","call DayNight__ApplyFogRenderState; DayNight::ApplyFogRenderState. DayNightGetInfo Info: +140 fogColor(int), +144 fogStart(float), +148 fogEnd(float) -> GxRs_FogStart/FogEnd/FogColor (fixed-function). Shader path: CShaderEffect::SetFogParams.","named-direct","0x781610","pending"
"0x79a870","CWorldScene__Render","0x79ac30","call CWorldScene__RenderChunks","named-direct","0x798da0","pending"
"0x79a870","CWorldScene__Render","0x79ac35","call CWorldScene__RenderMapObjDefGroups","named-direct","0x7964a0","pending"
"0x79a870","CWorldScene__Render","0x79ac3a","call CWorldScene__RenderMapObjSpecialProjGroups_UnlitPNC","named-direct","0x795f80","pending"
"0x79a870","CWorldScene__Render","0x79ac56","call CWorldScene__BuildPortalViews","named-direct","0x7968d0","pending"
"0x79a870","CWorldScene__Render","0x79ac62","call CWorldScene__RenderPortalViewVolumes","named-direct","0x796c10","pending"
"0x79a870","CWorldScene__Render","0x79ac78","call CWorldScene__RenderPortalViewVolumes","named-direct","0x796c10","pending"
"0x79a870","CWorldScene__Render","0x79ac96","call DayNight__SetBlendSky","named-direct","0x7f31c0","pending"
"0x79a870","CWorldScene__Render","0x79aca7","call DayNight__SetBlendSky","named-direct","0x7f31c0","pending"
"0x79a870","CWorldScene__Render","0x79acbc","call DayNight__RenderSky; RenderSky(rect): SCISSOR (not projection crop). rect intersected with the device viewport; if empty NOTHING draws. Depth range forced to [0.999023,1.0]. Procedural sky (stars/sun/moons/dome/clouds) suppressed if any drawable skybox has weight>0.99 and LightSkybox flags&2 (combine) == 0, or if the blend-sky weight>0.99.","named-direct","0x7f09b0","pending"
"0x79a870","CWorldScene__Render","0x79acc4","call CWorldScene__UpdateModelCullAndBounds","named-direct","0x793980","pending"
"0x79a870","CWorldScene__Render","0x79acc9","call Liquid__RefreshProceduralTextures","named-direct","0x8a2f00","pending"
"0x79a870","CWorldScene__Render","0x79acce","call Liquid__BuildDrawInstances_ColorSplit","named-direct","0x793d20","pending"
"0x79a870","CWorldScene__Render","0x79acf1","call Liquid__CDrawList__SortAndFlush; Liquid draw-list flush. qsort(list.data, count, 4, cmp[a3]) then for each instance: material->vtbl[2].Draw(env=inst[4], factory=inst[2], waveMgr=inst[3], camPos, mtx=inst+20, sphere=inst+84, settings=inst[1]). a3=0 flushed from CWorldScene::Render (after sky), a3=1 from WorldRender__ApplyFogLightsAndWaterRipples. BUG: element size is 4 (pointers) but the comparators dereference the element only once, so the sort degenerates to 'ascending by CInstance address' - no material batching and no depth sort.","named-direct","0x8a2240","pending"
"0x79a870","CWorldScene__Render","0x79ad18","call CWorldScene_GetActiveVolumeBounds","named-direct","0x784a30","pending"
"0x79a870","CWorldScene__Render","0x79ad8a","call CGxDevice__RsPop","named-direct","0x685fb0","pending"
"0x79a870","CWorldScene__Render","0x79ad8f","call CommitCursorItemImage","named-direct","0x6164b0","pending"
"0x79a870","CWorldScene__Render","0x79ada0","call CWorldScene__DrawBufferedTransparentGeometry","named-direct","0x7d5610","pending"
"0x79a870","CWorldScene__Render","0x79adab","call TSGrowableArray_CGxVertexPC__SetCount","named-direct","0x793fd0","pending"
"0x7ca180","CMapObjGroup__BspWalkRay","0x7ca1a4","call CMapObjGroup__EmitLeafFaces; CMapObjGroup::EmitLeafFaces — at a BSP leaf, walks MOBR[leaf.faceStart..+leaf.nFaces], dispatches per-face ray-tri test sub_7C6C30 which increments g_QueryHitCount on hit. The pre-cull sub_7C6D50 short-circuits when the leaf bbox misses the ray.","named-direct","0x7c9a00","pending"
"0x7ca180","CMapObjGroup__BspWalkRay","0x7ca2bc","call CMapObjGroup__BspWalkRay; CMapObjGroup::BspWalkRay — recursive ray-vs-axis-aligned-BSP traversal over MOBN/MOBR. Args: (uint16 node_idx, float ray[6]={start.xyz,end.xyz}, float clip_box[6]={min.xyz,max.xyz}). Leaf (flags&4) → EmitLeafFaces; internal → axis = flags&3, planeDist at +12, negChild at +2, posChild at +4, 0xFFFF = no-child; eps = 0.01f. Crossing rays split at intersection and recurse into both children with halved clip boxes.","named-direct","0x7ca180","pending"
"0x7ca180","CMapObjGroup__BspWalkRay","0x7ca2fc","call CMapObjGroup__BspWalkRay; CMapObjGroup::BspWalkRay — recursive ray-vs-axis-aligned-BSP traversal over MOBN/MOBR. Args: (uint16 node_idx, float ray[6]={start.xyz,end.xyz}, float clip_box[6]={min.xyz,max.xyz}). Leaf (flags&4) → EmitLeafFaces; internal → axis = flags&3, planeDist at +12, negChild at +2, posChild at +4, 0xFFFF = no-child; eps = 0.01f. Crossing rays split at intersection and recurse into both children with halved clip boxes.","named-direct","0x7ca180","pending"
"0x7ca180","CMapObjGroup__BspWalkRay","0x7ca33f","call CMapObjGroup__BspWalkRay; CMapObjGroup::BspWalkRay — recursive ray-vs-axis-aligned-BSP traversal over MOBN/MOBR. Args: (uint16 node_idx, float ray[6]={start.xyz,end.xyz}, float clip_box[6]={min.xyz,max.xyz}). Leaf (flags&4) → EmitLeafFaces; internal → axis = flags&3, planeDist at +12, negChild at +2, posChild at +4, 0xFFFF = no-child; eps = 0.01f. Crossing rays split at intersection and recurse into both children with halved clip boxes.","named-direct","0x7ca180","pending"
"0x7ca180","CMapObjGroup__BspWalkRay","0x7ca35d","call Vec3_LerpSegment","named-direct","0x78f4d0","pending"
"0x7ca180","CMapObjGroup__BspWalkRay","0x7ca37e","call C3Segment__SetEndpoints","named-direct","0x78f480","pending"
"0x7ca180","CMapObjGroup__BspWalkRay","0x7ca392","call CMapObjGroup__BspWalkRay; CMapObjGroup::BspWalkRay — recursive ray-vs-axis-aligned-BSP traversal over MOBN/MOBR. Args: (uint16 node_idx, float ray[6]={start.xyz,end.xyz}, float clip_box[6]={min.xyz,max.xyz}). Leaf (flags&4) → EmitLeafFaces; internal → axis = flags&3, planeDist at +12, negChild at +2, posChild at +4, 0xFFFF = no-child; eps = 0.01f. Crossing rays split at intersection and recurse into both children with halved clip boxes.","named-direct","0x7ca180","pending"
"0x7ca180","CMapObjGroup__BspWalkRay","0x7ca3ae","call C3Segment__SetEndpoints","named-direct","0x78f480","pending"
"0x7ca180","CMapObjGroup__BspWalkRay","0x7ca3c2","call CMapObjGroup__BspWalkRay; CMapObjGroup::BspWalkRay — recursive ray-vs-axis-aligned-BSP traversal over MOBN/MOBR. Args: (uint16 node_idx, float ray[6]={start.xyz,end.xyz}, float clip_box[6]={min.xyz,max.xyz}). Leaf (flags&4) → EmitLeafFaces; internal → axis = flags&3, planeDist at +12, negChild at +2, posChild at +4, 0xFFFF = no-child; eps = 0.01f. Crossing rays split at intersection and recurse into both children with halved clip boxes.","named-direct","0x7ca180","pending"
"0x7ca180","CMapObjGroup__BspWalkRay","0x7ca3e0","call C3Segment__SetEndpoints","named-direct","0x78f480","pending"
"0x7ca180","CMapObjGroup__BspWalkRay","0x7ca3f4","call CMapObjGroup__BspWalkRay; CMapObjGroup::BspWalkRay — recursive ray-vs-axis-aligned-BSP traversal over MOBN/MOBR. Args: (uint16 node_idx, float ray[6]={start.xyz,end.xyz}, float clip_box[6]={min.xyz,max.xyz}). Leaf (flags&4) → EmitLeafFaces; internal → axis = flags&3, planeDist at +12, negChild at +2, posChild at +4, 0xFFFF = no-child; eps = 0.01f. Crossing rays split at intersection and recurse into both children with halved clip boxes.","named-direct","0x7ca180","pending"
"0x7ca180","CMapObjGroup__BspWalkRay","0x7ca40c","call C3Segment__SetEndpoints","named-direct","0x78f480","pending"
"0x7ca180","CMapObjGroup__BspWalkRay","0x7ca420","call CMapObjGroup__BspWalkRay; CMapObjGroup::BspWalkRay — recursive ray-vs-axis-aligned-BSP traversal over MOBN/MOBR. Args: (uint16 node_idx, float ray[6]={start.xyz,end.xyz}, float clip_box[6]={min.xyz,max.xyz}). Leaf (flags&4) → EmitLeafFaces; internal → axis = flags&3, planeDist at +12, negChild at +2, posChild at +4, 0xFFFF = no-child; eps = 0.01f. Crossing rays split at intersection and recurse into both children with halved clip boxes.","named-direct","0x7ca180","pending"
"0x7cb0c0","CMapObjGroup__GetTris","0x7cb104","call CMapObjGroup__InitRayQuery; CMapObjGroup::InitRayQuery — fills the 96-byte ray-query state. a5 = float[6] ray; sets start@+24/+48, end@+36, normalizes dir@+60, stashes 1/length@+72, scaled extent@+76, flag word @+84. Called by GetTris (0x007CB0C0) before BspWalkRay.","named-direct","0x7c78e0","pending"
"0x7cb0c0","CMapObjGroup__GetTris","0x7cb11f","call CMapObjGroup__BspWalkRay; CMapObjGroup::BspWalkRay — recursive ray-vs-axis-aligned-BSP traversal over MOBN/MOBR. Args: (uint16 node_idx, float ray[6]={start.xyz,end.xyz}, float clip_box[6]={min.xyz,max.xyz}). Leaf (flags&4) → EmitLeafFaces; internal → axis = flags&3, planeDist at +12, negChild at +2, posChild at +4, 0xFFFF = no-child; eps = 0.01f. Crossing rays split at intersection and recurse into both children with halved clip boxes.","named-direct","0x7ca180","pending"
"0x7cb0c0","CMapObjGroup__GetTris","0x7cb134","call CMapObjGroup__GetTrisFromQuery","named-direct","0x7c7ae0","pending"
"0x7cb0c0","CMapObjGroup__GetTris","0x7cb159","call CMapObjGroup__VectorIntersectLiquid","named-direct","0x7c9dd0","pending"
"0x7cb0c0","CMapObjGroup__GetTris","0x7cb16d","call CMapObjGroup__CleanupRayQuery; CMapObjGroup::CleanupRayQuery — clears the 0x80 dedup bit on every MOPY[face] entered during the walk; resets g_TraversedFaceCount_set1/_set2. Called by GetTris (0x007CB0C0) after the walk.","named-direct","0x7c7610","pending"
"0x7d59b0","CMap__LocateViewerMapObjs","0x7d5a32","call CMapObjDef__TestAABox","named-direct","0x7b3990","pending"
"0x7d59b0","CMap__LocateViewerMapObjs","0x7d5a62","call operator_mul_C3Vector_C44Matrix","named-direct","0x4c21b0","pending"
"0x7d59b0","CMap__LocateViewerMapObjs","0x7d5a70","call operator_mul_C3Vector_C44Matrix","named-direct","0x4c21b0","pending"
"0x7d59b0","CMap__LocateViewerMapObjs","0x7d5a82","call CMapObj__TestBounds@2","named-direct","0x7ae840","pending"
"0x7d59b0","CMap__LocateViewerMapObjs","0x7d5ace","call CMapObj__GetGroup","named-direct","0x7aea80","pending"
"0x7d59b0","CMap__LocateViewerMapObjs","0x7d5afc","call CMapObj__TestGroupBounds","named-direct","0x7ae880","pending"
"0x7d59b0","CMap__LocateViewerMapObjs","0x7d5b5d","call CMapObjGroup__GetTris; CMapObjGroup::GetTris — per-group ray-vs-collision-triangle entry. Snapshots g_QueryHitCount, runs InitRayQuery + BspWalkRay (sub_7CA180) + GetTrisFromQuery + CleanupRayQuery, returns true iff hit count incremented. Ray is float[6] = {start.xyz, end.xyz} in group local space; this+44 is the group's local AABB used as BSP root clip box.","named-direct","0x7cb0c0","pending"
"0x7d59b0","CMap__LocateViewerMapObjs","0x7d5be1","call CMapObj__VectorIntersectPortal; Per-portal-polygon ray test. Modes: a5==0 (LocateViewerMapObjs uses this) does full per-portal NTempest::Intersect plane test + point-in-poly via majorAxis projection. Output a4: 2 uint16's = (this_side_group, other_side_group). The (this/other) attribution uses signed_dist polarity * MOPR.side polarity","named-direct","0x7af280","pending"
"0x7d59b0","CMap__LocateViewerMapObjs","0x7d5c04","call CMapObj__GetGroupInfo","named-direct","0x7aeb10","pending"
"0x7d59b0","CMap__LocateViewerMapObjs","0x7d5c31","call CMapObj__GetGroupInfo","named-direct","0x7aeb10","pending"
"0x821a20","CM2Scene__Animate","0x821a6b","call C44Matrix__operator_assign_C44Matrix","named-direct","0x407f80","pending"
"0x821a20","CM2Scene__Animate","0x821a90","call C44Matrix__Translate","named-direct","0x4c1b30","pending"
"0x821a20","CM2Scene__Animate","0x821a97","call C44Matrix__Determinant","named-direct","0x4c1930","pending"
"0x821a20","CM2Scene__Animate","0x821aa9","call C44Matrix__Inverse","named-direct","0x4c2f90","pending"
"0x821a20","CM2Scene__Animate","0x821abb","call C44Matrix__operator_assign_C44Matrix","named-direct","0x407f80","pending"
"0x821a20","CM2Scene__Animate","0x821adb","call CM2Cache__BeginThread","named-direct","0x81bfa0","pending"
"0x821a20","CM2Scene__Animate","0x821b21","call CM2Model__AnimateMTSimple","named-direct","0x82e140","pending"
"0x821a20","CM2Scene__Animate","0x821b4e","call CM2Model__AnimateMT","named-direct","0x82f0f0","pending"
"0x821a20","CM2Scene__Animate","0x821b64","call CM2Cache__WaitThread","named-direct","0x81bfd0","pending"
"0x821a20","CM2Scene__Animate","0x821bad","call CM2Model__AnimateMTSimple","named-direct","0x82e140","pending"
"0x821a20","CM2Scene__Animate","0x821bd8","call CM2Model__AnimateMT","named-direct","0x82f0f0","pending"
"0x821a20","CM2Scene__Animate","0x821bfd","call CM2Model__AnimateST","named-direct","0x828a00","pending"
"0x821a20","CM2Scene__Animate","0x821c20","call CM2Model__SetupLighting; CM2Lighting (m_lighting) is at this+468 = CM2Model+0x1D4 (NOT +0x2A8). Sets LIGHT side only (SelectLights->SetupSunlight->CameraSpace + lighting callback this+684 = doodad QueryLighting feed). Does NOT write m_currentDiffuse/Emissive (those come from AnimateMTSimple @ 0x82E140).","named-direct","0x831af0","pending"
"0x821a20","CM2Scene__Animate","0x821c72","call CM2Model__IsDrawable","named-direct","0x824fc0","pending"
"0x821a20","CM2Scene__Animate","0x821d3b","call operator_mul_C3Vector_C44Matrix","named-direct","0x4c21b0","pending"
"0x821a20","CM2Scene__Animate","0x82200a","call TSGrowableArray_M2Element__ReallocData","named-direct","0x81cdc0","pending"
"0x821a20","CM2Scene__Animate","0x82204a","call CM2Model__IsBatchDoodadCompatible","named-direct","0x824550","pending"
"0x821a20","CM2Scene__Animate","0x8220c0","call CM2Scene__ComputeElementShaders; CM2Scene::ComputeElementShaders: a1+4 is CM2Model*. Deferred shader state is CM2Model[+0x2A8]; AnimateST refreshes it from parent[+0x2A8] or local model+0x1D4. +0xA4 is shader_flag; +0x14 bit 0x10 gates sub_873FF0 shader_class and bit 0x08 forces class 1.","named-direct","0x81f1d0","pending"
"0x821a20","CM2Scene__Animate","0x8220f4","call operator_mul_C3Vector_C44Matrix","named-direct","0x4c21b0","pending"
"0x821a20","CM2Scene__Animate","0x822144","call operator_mul_C3Vector_C44Matrix","named-direct","0x4c21b0","pending"
"0x821a20","CM2Scene__Animate","0x822231","call operator_mul_C3Vector_C44Matrix","named-direct","0x4c21b0","pending"
"0x821a20","CM2Scene__Animate","0x822311","call operator_mul_C3Vector_C44Matrix","named-direct","0x4c21b0","pending"
"0x821a20","CM2Scene__Animate","0x8223da","call TSFixedArray__ReallocData","named-direct","0x466910","pending"
"0x821a20","CM2Scene__Animate","0x82241e","call TSGrowableArray_uint32__Add","named-direct","0x480fd0","pending"
"0x821a20","CM2Scene__Animate","0x822432","call TSGrowableArray_uint32__Add","named-direct","0x480fd0","pending"
"0x821a20","CM2Scene__Animate","0x82244c","call TSGrowableArray_uint32__Add","named-direct","0x480fd0","pending"
"0x821a20","CM2Scene__Animate","0x822465","call TSGrowableArray_uint32__Add","named-direct","0x480fd0","pending"
"0x821a20","CM2Scene__Animate","0x8224d2","call TSFixedArray__ReallocData","named-direct","0x466910","pending"
"0x821a20","CM2Scene__Animate","0x822542","call TSGrowableArray_32__CalcChunkSize","named-direct","0x7f7980","pending"
"0x821a20","CM2Scene__Animate","0x82255c","call TSGrowableArray_M2Element__ReallocData","named-direct","0x81cdc0","pending"
"0x821a20","CM2Scene__Animate","0x8225b0","call TSGrowableArray_uint32__Add","named-direct","0x480fd0","pending"
"0x821a20","CM2Scene__Animate","0x8225c5","call TSGrowableArray_uint32__Add","named-direct","0x480fd0","pending"
"0x821a20","CM2Scene__Animate","0x822619","call CRibbonEmitter__IsDead","named-direct","0x97f640","pending"
"0x821a20","CM2Scene__Animate","0x8226bc","call TSGrowableArray_M2Element__ReallocData","named-direct","0x81cdc0","pending"
"0x821a20","CM2Scene__Animate","0x822834","call TSFixedArray__ReallocData","named-direct","0x466910","pending"
"0x821a20","CM2Scene__Animate","0x8228ed","call TSGrowableArray_M2Element__ReallocData","named-direct","0x81cdc0","pending"
"0x821a20","CM2Scene__Animate","0x822a34","call TSFixedArray__ReallocData","named-direct","0x466910","pending"
"0x821a20","CM2Scene__Animate","0x822ab0","call CM2Model__IsDrawable","named-direct","0x824fc0","pending"
"0x821a20","CM2Scene__Animate","0x822b62","call operator_mul_C3Vector_C44Matrix","named-direct","0x4c21b0","pending"
"0x821a20","CM2Scene__Animate","0x822c68","call operator_mul_C3Vector_C44Matrix","named-direct","0x4c21b0","pending"
"0x821a20","CM2Scene__Animate","0x822ca7","call CM2Scene__AddParticleElement; CM2Scene::AddParticleElement (was sub_821930). Builds one M2Element (type=4 particle) and routes its index into a scene list. depth +0x10 = *(model+0x88) (WHOLE-MODEL view depth, same key all element kinds use); +0x14 = a4 (emitter dist-from-model-origin, model-local tiebreak); +0x0C = alpha; priorityPlane +0x24 = emitter[+0x18]. List pick: opaque(blend<=1 & alpha>=~1) -> array54[0]; translucent -> a6(above-sel) ? array54[1](above water) : array54[2](below water); emitter flag 0x40000 forces array54[2]. ++*a8 counts additive (resolved blend 3/10) emitters into var_24 -> gates the SortAdditiveParticleElements re-sort.","named-direct","0x821930","pending"
"0x821a20","CM2Scene__Animate","0x822ce3","call CM2Scene__AddParticleElement; CM2Scene::AddParticleElement (was sub_821930). Builds one M2Element (type=4 particle) and routes its index into a scene list. depth +0x10 = *(model+0x88) (WHOLE-MODEL view depth, same key all element kinds use); +0x14 = a4 (emitter dist-from-model-origin, model-local tiebreak); +0x0C = alpha; priorityPlane +0x24 = emitter[+0x18]. List pick: opaque(blend<=1 & alpha>=~1) -> array54[0]; translucent -> a6(above-sel) ? array54[1](above water) : array54[2](below water); emitter flag 0x40000 forces array54[2]. ++*a8 counts additive (resolved blend 3/10) emitters into var_24 -> gates the SortAdditiveParticleElements re-sort.","named-direct","0x821930","pending"
"0x821a20","CM2Scene__Animate","0x822d42","call _memset","named-direct","0x40bb80","pending"
"0x821a20","CM2Scene__Animate","0x822d7f","call CM2Scene__ComputeAnimationStateKey","named-direct","0x81cc50","pending"
"0x821a20","CM2Scene__Animate","0x822dc4","call CM2Scene__CompareRenderSortEntries","named-direct","0x81e5c0","pending"
"0x821a20","CM2Scene__Animate","0x822e0a","call M2HeapSort","named-direct","0x83dcf0","pending"
"0x821a20","CM2Scene__Animate","0x822ed2","call CM2Scene__ComputeElementShaders; CM2Scene::ComputeElementShaders: a1+4 is CM2Model*. Deferred shader state is CM2Model[+0x2A8]; AnimateST refreshes it from parent[+0x2A8] or local model+0x1D4. +0xA4 is shader_flag; +0x14 bit 0x10 gates sub_873FF0 shader_class and bit 0x08 forces class 1.","named-direct","0x81f1d0","pending"
"0x821a20","CM2Scene__Animate","0x822f36","call TSFixedArray__ReallocData","named-direct","0x466910","pending"
"0x821a20","CM2Scene__Animate","0x822fc7","call TSFixedArray__ReallocData","named-direct","0x466910","pending"
"0x821a20","CM2Scene__Animate","0x822fdd","call M2HeapSort","named-direct","0x83dcf0","pending"
"0x821a20","CM2Scene__Animate","0x822ff0","call M2HeapSort","named-direct","0x83dcf0","pending"
"0x821a20","CM2Scene__Animate","0x823003","call M2HeapSort","named-direct","0x83dcf0","pending"
"0x821a20","CM2Scene__Animate","0x82301e","call CM2Scene__SortAdditiveParticleElements","named-direct","0x81f9e0","pending"
"0x821a20","CM2Scene__Animate","0x823027","call CM2Scene__SortAdditiveParticleElements","named-direct","0x81f9e0","pending"
"0x823130","CM2SceneRender__Draw","0x82314e","call CGxDevice__RsPush","named-direct","0x409670","pending"
"0x823130","CM2SceneRender__Draw","0x8231a1","call C44Matrix__operator_assign_C44Matrix","named-direct","0x407f80","pending"
"0x823130","CM2SceneRender__Draw","0x823741","call edx","register-indirect","","pending"
"0x823130","CM2SceneRender__Draw","0x82382b","call CGxDevice__IRsDirty","named-direct","0x685970","pending"
"0x823130","CM2SceneRender__Draw","0x823858","call CGxDevice__IRsDirty","named-direct","0x685970","pending"
"0x823130","CM2SceneRender__Draw","0x82388b","call CGxDevice__IRsDirty","named-direct","0x685970","pending"
"0x823130","CM2SceneRender__Draw","0x8238ba","call CGxDevice__IRsDirty","named-direct","0x685970","pending"
"0x823130","CM2SceneRender__Draw","0x8238ef","call CGxDevice__IRsDirty","named-direct","0x685970","pending"
"0x823130","CM2SceneRender__Draw","0x82394b","call C44Matrix__operator_assign_C44Matrix","named-direct","0x407f80","pending"
"0x823130","CM2SceneRender__Draw","0x823952","call CGxDevice__DeviceApi","named-direct","0x682d20","pending"
"0x823130","CM2SceneRender__Draw","0x823984","call C44Matrix__Determinant","named-direct","0x4c1930","pending"
"0x823130","CM2SceneRender__Draw","0x823997","call C44Matrix__Inverse","named-direct","0x4c2f90","pending"
"0x823130","CM2SceneRender__Draw","0x8239a5","call C44Matrix__operator_assign_C44Matrix","named-direct","0x407f80","pending"
"0x823130","CM2SceneRender__Draw","0x8239b3","call C44Matrix__Transpose","named-direct","0x4c23d0","pending"
"0x823130","CM2SceneRender__Draw","0x8239bb","call C44Matrix__operator_assign_C44Matrix","named-direct","0x407f80","pending"
"0x823130","CM2SceneRender__Draw","0x8239c0","call CShaderEffect__UpdateProjMatrix","named-direct","0x872c10","pending"
"0x823130","CM2SceneRender__Draw","0x8239c5","call CShadowCache__SetShadowMapGenericGlobal","named-direct","0x8744e0","pending"
"0x823130","CM2SceneRender__Draw","0x823a67","call CM2Cache__LinkToSharedUpdateList","named-direct","0x81c840","pending"
"0x823130","CM2SceneRender__Draw","0x823a83","call CM2SceneRender__DrawBatch; CM2SceneRender::DrawBatch bone upload: vertex constants from byte 496 (= register c31), 48 bytes = 3 float4 per bone holding the TRANSPOSED 3x4 affine (m0,m4,m8,m12)/(m1,m5,m9,m13)/(m2,m6,m10,m14). Palette slot i = m_boneMatrices[ M2Data.boneCombos[section.bone_combo_index + i] ]. Unlock(GxSh_Vertex, index=0x1F, count=3*section.bone_count) -- written UNCONDITIONALLY, no budget check.","named-direct","0x8203b0","pending"
"0x823130","CM2SceneRender__Draw","0x823a8c","call CM2SceneRender__DrawBatchProj","named-direct","0x820720","pending"
"0x823130","CM2SceneRender__Draw","0x823a9a","call CM2SceneRender__DrawBatchDoodad","named-direct","0x820ae0","pending"
"0x823130","CM2SceneRender__Draw","0x823aad","call CM2SceneRender__DrawRibbon","named-direct","0x820f40","pending"
"0x823130","CM2SceneRender__Draw","0x823ac3","call CM2SceneRender__DrawParticle","named-direct","0x8214e0","pending"
"0x823130","CM2SceneRender__Draw","0x823ace","call CM2SceneRender__DrawCallback","named-direct","0x8230d0","pending"
"0x823130","CM2SceneRender__Draw","0x823c4c","call edx","register-indirect","","pending"
"0x823130","CM2SceneRender__Draw","0x823c54","call CGxDevice__RsPop","named-direct","0x685fb0","pending"
"0x823130","CM2SceneRender__Draw","0x823c7b","call CGxDevice__IRsDirty","named-direct","0x685970","pending"
"0x823cb0","CM2Scene__Draw","0x823cd7","call NoOpStub_005EEB70","named-direct","0x5eeb70","pending"
"0x823cb0","CM2Scene__Draw","0x823cfe","call CM2SceneRender__constructor","named-direct","0x81f330","pending"
"0x823cb0","CM2Scene__Draw","0x823d1f","call CM2SceneRender__Draw; CM2SceneRender::Draw is the per-pass M2 render orchestrator. It walks indexArray (a4) into elementPool (a3) for indexCount (a5) elements. Element kinds 0..5 dispatch to DrawBatch, DrawBatchProj, DrawBatchDoodad, DrawRibbon, DrawParticle, or DrawCallback. The loop is wrapped by a nine-level matrix-stack push (m_xforms[0..8]) plus RsPush and restored at exit. M2Element is 0x44 bytes: +0x00 kind, +0x04 extras/m2_model, +0x1C batch_count, +0x2C vertexPermute, and +0x30 pixelPermute. On OpenGL, when shaders are enabled, m_projNative.row2 is negated for the Y flip before CShaderEffect::UpdateProjMatrix.","named-direct","0x823130","pending"
"0x823cb0","CM2Scene__Draw","0x823d3b","call CM2SceneRender__Draw; CM2SceneRender::Draw is the per-pass M2 render orchestrator. It walks indexArray (a4) into elementPool (a3) for indexCount (a5) elements. Element kinds 0..5 dispatch to DrawBatch, DrawBatchProj, DrawBatchDoodad, DrawRibbon, DrawParticle, or DrawCallback. The loop is wrapped by a nine-level matrix-stack push (m_xforms[0..8]) plus RsPush and restored at exit. M2Element is 0x44 bytes: +0x00 kind, +0x04 extras/m2_model, +0x1C batch_count, +0x2C vertexPermute, and +0x30 pixelPermute. On OpenGL, when shaders are enabled, m_projNative.row2 is negated for the Y flip before CShaderEffect::UpdateProjMatrix.","named-direct","0x823130","pending"
"0x7af280","CMapObj__VectorIntersectPortal","0x7af334","call CMapObj__PortalBoundsIntersectsSphere","named-direct","0x7ae970","pending"
"0x7af280","CMapObj__VectorIntersectPortal","0x7af369","call CWorldMath__VectorIntersectAABox2","named-direct","0x7f9480","pending"
"0x7af280","CMapObj__VectorIntersectPortal","0x7af3ee","call NTempest__Intersect@2","named-direct","0x982fb0","pending"
"0x7af280","CMapObj__VectorIntersectPortal","0x7af422","call C3Vector__MajorAxis","named-direct","0x9829b0","pending"
"0x7af280","CMapObj__VectorIntersectPortal","0x7af444","call NTempest__Intersect@3","named-direct","0x9830d0","pending"
"0x780770","World__ValidateFarClip","0x780797","call OsGetPhysicalMemory","named-direct","0x86b4c0","pending"
"0x7b4350","CMapObjDef__constructor","0x7b4359","call CMapBaseObj__constructor","named-direct","0x7d7260","pending"
"0x795d40","CWorldScene__LocateViewer3","0x795dcc","call CMap__VectorIntersectTerrain","named-direct","0x7a39f0","pending"
"0x795d40","CWorldScene__LocateViewer3","0x795ded","call CMap__LocateViewerMapObjs; Camera-to-group resolver. Walks global CMapObj linked list (g_CMapObj_listHead). Per CMapObj: outer AABB → world-to-local matrix +176 → inner AABB → per-group AABB → CMapObjGroup::GetTris (TRIANGLE-PRECISE ray cast against collision geometry) → CMapObj::VectorIntersectPortal correction. Two output slots: primary (slot 0) and secondary (slot 1, taken on CMapObj.flags bit 0x400). End: promote secondary→primary if primary empty.","named-direct","0x7d59b0","pending"
"0x795d40","CWorldScene__LocateViewer3","0x795e10","call SStrCopy","named-direct","0x76ed20","pending"
"0x795d40","CWorldScene__LocateViewer3","0x795e3e","call SStrPrintf","named-direct","0x76f070","pending"
"0x795d40","CWorldScene__LocateViewer3","0x795e6a","call CMapObj__GetGroupName","named-direct","0x7aeae0","pending"
"0x795d40","CWorldScene__LocateViewer3","0x795e80","call SStrCopy","named-direct","0x76ed20","pending"
"0x795d40","CWorldScene__LocateViewer3","0x795e91","call SStrCopy","named-direct","0x76ed20","pending"
"0x795d40","CWorldScene__LocateViewer3","0x795e9f","call CWorldScene__AddViewerGroup; Dedupe-and-push uint32 into TSFixedArray<uint32>. Registry layout: [0]=cap, [1]=count, [2]=data, [3]=growth-step. Powers of 2, max stride 64. Used by LocateViewer3 to populate g_CWorldScene__viewerGroups_primary/secondary.","named-direct","0x792fc0","pending"
"0x795d40","CWorldScene__LocateViewer3","0x795eb7","call CWorldScene__AddViewerGroup; Dedupe-and-push uint32 into TSFixedArray<uint32>. Registry layout: [0]=cap, [1]=count, [2]=data, [3]=growth-step. Powers of 2, max stride 64. Used by LocateViewer3 to populate g_CWorldScene__viewerGroups_primary/secondary.","named-direct","0x792fc0","pending"
"0x795d40","CWorldScene__LocateViewer3","0x795edc","call CMapObj__GetGroupFlags","named-direct","0x7ae7b0","pending"
"0x795d40","CWorldScene__LocateViewer3","0x795efa","call CMapObj__GetGroupFlags","named-direct","0x7ae7b0","pending"
"0x795d40","CWorldScene__LocateViewer3","0x795f25","call CWorldScene__InitViewerLocation","named-direct","0x790570","pending"
"0x795d40","CWorldScene__LocateViewer3","0x795f33","call RectFExt__UnionInPlaceMaxField10ClearField18","named-direct","0x7905b0","pending"
"0x795d40","CWorldScene__LocateViewer3","0x795f3c","call j_TSGrowableArray_CPortalView__Add","named-direct","0x795d00","pending"
"0x795d40","CWorldScene__LocateViewer3","0x795f59","call CWorldScene__AddViewerGroup; Dedupe-and-push uint32 into TSFixedArray<uint32>. Registry layout: [0]=cap, [1]=count, [2]=data, [3]=growth-step. Powers of 2, max stride 64. Used by LocateViewer3 to populate g_CWorldScene__viewerGroups_primary/secondary.","named-direct","0x792fc0","pending"
"0x795d40","CWorldScene__LocateViewer3","0x795f71","call CWorldScene__AddViewerGroup; Dedupe-and-push uint32 into TSFixedArray<uint32>. Registry layout: [0]=cap, [1]=count, [2]=data, [3]=growth-step. Powers of 2, max stride 64. Used by LocateViewer3 to populate g_CWorldScene__viewerGroups_primary/secondary.","named-direct","0x792fc0","pending"
"0x7b3990","CMapObjDef__TestAABox","0x7b399f","call CWorldMath__VectorIntersectAABox2","named-direct","0x7f9480","pending"
"0x7b64f0","CMapObjDef__UpdateMoved","0x7b655c","call CMapObj__GetBounds","named-direct","0x7ae520","pending"
"0x7b64f0","CMapObjDef__UpdateMoved","0x7b656a","call NTempest__TransformPoint","named-direct","0x4c2300","pending"
"0x7b64f0","CMapObjDef__UpdateMoved","0x7b6578","call CMapObj__GetBounds@2","named-direct","0x7ae5e0","pending"
"0x7b64f0","CMapObjDef__UpdateMoved","0x7b6589","call CWorldMath__TransformAABox","named-direct","0x7f9430","pending"
"0x7b64f0","CMapObjDef__UpdateMoved","0x7b65cb","call CMapObj__GetGroup","named-direct","0x7aea80","pending"
"0x7b64f0","CMapObjDef__UpdateMoved","0x7b6622","call operator_mul_C3Vector_C44Matrix","named-direct","0x4c21b0","pending"
"0x7b64f0","CMapObjDef__UpdateMoved","0x7b662e","call CM2Light__SetPosition; WMO MOLT reposition path (DEAD in 12340): +316 CMapLight-ptr array is allocated & null-filled in CMap::PrepareMapObjDef and NEVER populated. v13 is always NULL here, so SetPosition/UpdateLight never run for WMO MOLT lamps. Only CMapLight ever allocated is the sun (AllocLight<-CreateLight<-CMap::Load). => WMO MOLT is inert at runtime.","named-direct","0x835690","pending"
"0x7b64f0","CMapObjDef__UpdateMoved","0x7b663a","call CMap__UpdateLight","named-direct","0x7da100","pending"
"0x7b64f0","CMapObjDef__UpdateMoved","0x7b6677","call CMapObj__GetGroupBounds","named-direct","0x7ae670","pending"
"0x7b64f0","CMapObjDef__UpdateMoved","0x7b6688","call NTempest__TransformPoint","named-direct","0x4c2300","pending"
"0x7b64f0","CMapObjDef__UpdateMoved","0x7b669a","call CMapObj__GetGroupBounds@2","named-direct","0x7ae720","pending"
"0x7b64f0","CMapObjDef__UpdateMoved","0x7b66ab","call CWorldMath__TransformAABox","named-direct","0x7f9430","pending"
"0x7b64f0","CMapObjDef__UpdateMoved","0x7b66b9","call CMapObjDefGroup__Update","named-direct","0x7b40f0","pending"
"0x7bf120","CMap__CreateMapObjDef_007BF120","0x7bf14d","call FindMapObjectDefById","named-direct","0x7bddf0","pending"
"0x7bf120","CMap__CreateMapObjDef_007BF120","0x7bf152","call CMap__AllocMapObjDef","named-direct","0x7c03e0","pending"
"0x7bf120","CMap__CreateMapObjDef_007BF120","0x7bf169","call TSHashTable__CMapObjDef__Initialize","named-direct","0x7be520","pending"
"0x7bf120","CMap__CreateMapObjDef_007BF120","0x7bf17c","call TSHashTable__CMapObjDef__MonitorFullness","named-direct","0x7be9d0","pending"
"0x7bf120","CMap__CreateMapObjDef_007BF120","0x7bf19a","call TSList__LinkNodeToHeadByOffset","named-direct","0x6ded60","pending"
"0x7bf120","CMap__CreateMapObjDef_007BF120","0x7bf1a5","call TSList__LinkNodeToHeadByOffset","named-direct","0x6ded60","pending"
"0x7bf120","CMap__CreateMapObjDef_007BF120","0x7bf1b1","call CMapObj__Create","named-direct","0x7b0cc0","pending"
"0x7bf120","CMap__CreateMapObjDef_007BF120","0x7bf1d3","call CMapObj__WaitLoad","named-direct","0x7ae1c0","pending"
"0x7bf120","CMap__CreateMapObjDef_007BF120","0x7bf299","call C44Matrix__RotateAroundZ","named-direct","0x4c3380","pending"
"0x7bf120","CMap__CreateMapObjDef_007BF120","0x7bf2a4","call C44Matrix__AffineInverse","named-direct","0x4c2fc0","pending"
"0x7bf120","CMap__CreateMapObjDef_007BF120","0x7bf35c","call CMapObj__GetBounds","named-direct","0x7ae520","pending"
"0x7bf120","CMap__CreateMapObjDef_007BF120","0x7bf367","call NTempest__TransformPoint","named-direct","0x4c2300","pending"
"0x7bf120","CMap__CreateMapObjDef_007BF120","0x7bf376","call CMapObj__GetBounds@2","named-direct","0x7ae5e0","pending"
"0x7bf120","CMap__CreateMapObjDef_007BF120","0x7bf384","call CWorldMath__TransformAABox","named-direct","0x7f9430","pending"
"0x7bf120","CMap__CreateMapObjDef_007BF120","0x7bf3ef","call CWorldMath__TransformAABox","named-direct","0x7f9430","pending"
"0x7bf460","CMap__CreateMapObjDef","0x7bf480","call FindMapObjectDefById","named-direct","0x7bddf0","pending"
"0x7bf460","CMap__CreateMapObjDef","0x7bf48e","call CMap__AllocMapObjDef","named-direct","0x7c03e0","pending"
"0x7bf460","CMap__CreateMapObjDef","0x7bf4a9","call TSHashTable__CMapObjDef__InsertEntry","named-direct","0x7beae0","pending"
"0x7bf460","CMap__CreateMapObjDef","0x7bf593","call C44Matrix__RotateAroundZ","named-direct","0x4c3380","pending"
"0x7bf460","CMap__CreateMapObjDef","0x7bf5a1","call C44Matrix__RotateAroundY","named-direct","0x4c3340","pending"
"0x7bf460","CMap__CreateMapObjDef","0x7bf5af","call C44Matrix__RotateAroundX","named-direct","0x4c3300","pending"
"0x7bf460","CMap__CreateMapObjDef","0x7bf5ba","call C44Matrix__AffineInverse","named-direct","0x4c2fc0","pending"
"0x7bf460","CMap__CreateMapObjDef","0x7bf721","call CMapObj__Create","named-direct","0x7b0cc0","pending"
"0x7b6f60","CMapObjDef__SetDoodadsEnabled","0x7b701a","call CMap__LinkDoodadDefToMapObjDefs","named-direct","0x7b6ed0","pending"
"0x7b6f60","CMapObjDef__SetDoodadsEnabled","0x7b7071","call CMap__FreeBaseObjLink","named-direct","0x7c09f0","pending"
"0x7b67b0","CMapObjDef__UpdateMatrix","0x7b67d4","call C44Matrix__operator_assign_C44Matrix","named-direct","0x407f80","pending"
"0x7b67b0","CMapObjDef__UpdateMatrix","0x7b67df","call C44Matrix__AffineInverse","named-direct","0x4c2fc0","pending"
"0x7b67b0","CMapObjDef__UpdateMatrix","0x7b67eb","call C44Matrix__operator_assign_C44Matrix","named-direct","0x407f80","pending"
"0x7b67b0","CMapObjDef__UpdateMatrix","0x7b67f1","call CMapObjDef__UpdateMoved","named-direct","0x7b64f0","pending"
"0x7beae0","TSHashTable__CMapObjDef__InsertEntry","0x7beaee","call TSHashTable__CMapObjDef__Initialize","named-direct","0x7be520","pending"
"0x7beae0","TSHashTable__CMapObjDef__InsertEntry","0x7beafe","call TSHashTable__CMapObjDef__MonitorFullness","named-direct","0x7be9d0","pending"
"0x7beae0","TSHashTable__CMapObjDef__InsertEntry","0x7beb19","call TSList__LinkNodeToHeadByOffset","named-direct","0x6ded60","pending"
"0x7beae0","TSHashTable__CMapObjDef__InsertEntry","0x7beb22","call TSList__LinkNodeToHeadByOffset","named-direct","0x6ded60","pending"
"0x7b3b20","CWorldScene_RenderMapObjLiquids","0x7b3b2c","call CMapObj__SetGroupRenderCallback","named-direct","0x7a6b40","pending"
"0x7b3b20","CWorldScene_RenderMapObjLiquids","0x7b3b59","call CMapObj__RenderPortalOcclusionPass","named-direct","0x7ad1f0","pending"
"0x7ad1f0","CMapObj__RenderPortalOcclusionPass","0x7ad20d","call RRenderThruPortals_SetupTopLevelPortalTransforms","named-direct","0x7a6e00","pending"
"0x7ad1f0","CMapObj__RenderPortalOcclusionPass","0x7ad23d","call CWorldScene__FrustumPush","named-direct","0x791950","pending"
"0x7ad1f0","CMapObj__RenderPortalOcclusionPass","0x7ad275","call CMapObj__GetGroup","named-direct","0x7aea80","pending"
"0x7ad1f0","CMapObj__RenderPortalOcclusionPass","0x7ad2a4","call CMapObj__RRenderThruPortals; Recursive DFS portal walker. Args: (this=CMapObj*, group, back_edge_group_to_skip, parent_NDC_rect[xmin,ymin,xmax,ymax], depth, propagated_flag). Per-portal NDC-rect cache @ 0xADFFD4 (28-byte stride, frame-stamped via g_PortalCacheFrameStamp). 6-plane CFrustum built per step from clipped rect via sub_7A6DA0 + sub_7A6DD0, pushed on CWorldScene::Frustum stack. Anti-portals (group flag 0x10000 / mask 0x50148) handled by sub_7A8F20 + top-level rect-trim at LABEL_61. Plane-side test is pure signed_dist < 0.0 — NO -0.3 threshold.","named-direct","0x7ac060","pending"
"0x7ad1f0","CMapObj__RenderPortalOcclusionPass","0x7ad2b7","call CWorldScene__FrustumPop","named-direct","0x78fb50","pending"
"0x7ad1f0","CMapObj__RenderPortalOcclusionPass","0x7ad2fc","call CWorldMath__TransformAABox","named-direct","0x7f9430","pending"
"0x7ad1f0","CMapObj__RenderPortalOcclusionPass","0x7ad305","call CWorldScene__FrustumCull","named-direct","0x78fb20","pending"
"0x7ad1f0","CMapObj__RenderPortalOcclusionPass","0x7ad315","call CMapObj__GetGroup","named-direct","0x7aea80","pending"
"0x7ad1f0","CMapObj__RenderPortalOcclusionPass","0x7ad32f","call eax ; CMapObj__gRenderCallback","register-indirect","","pending"
"0x792fc0","CWorldScene__AddViewerGroup","0x793035","call TSFixedArray__ReallocData","named-direct","0x466910","pending"
"0x7905b0","RectFExt__UnionInPlaceMaxField10ClearField18","0x7905c3","call RectF__Union","named-direct","0x78f2f0","pending"
"0x7a8f20","CMapObj__AddPortalView","0x7a8fcc","call CWorldScene__ProjectAndClipWorldPolygon","named-direct","0x7a85e0","pending"
"0x7a8f20","CMapObj__AddPortalView","0x7a9014","call Compute2dBoundsFromVertices","named-direct","0x7a6b90","pending"
"0x7a8f20","CMapObj__AddPortalView","0x7a904c","call ComputeMaxProjectedVertexDistance","named-direct","0x7a70d0","pending"
"0x7a8f20","CMapObj__AddPortalView","0x7a9058","call j_TSGrowableArray_CPortalView__Add","named-direct","0x795d00","pending"
"0x7a8f20","CMapObj__AddPortalView","0x7a9061","call CWorldScene__UnionPortalViewBounds","named-direct","0x790ab0","pending"
"0x7a8f20","CMapObj__AddPortalView","0x7a9072","call CWorldScene__UnionFlaggedPortalViewBounds","named-direct","0x790ad0","pending"
"0x7ac060","CMapObj__RRenderThruPortals","0x7ac082","call CMapObj__GetGroup","named-direct","0x7aea80","pending"
"0x7ac060","CMapObj__RRenderThruPortals","0x7ac0ea","call eax ; CMapObj__gRenderCallback","register-indirect","","pending"
"0x7ac060","CMapObj__RRenderThruPortals","0x7ac125","call _atexit","named-direct","0x40c8fa","pending"
"0x7ac060","CMapObj__RRenderThruPortals","0x7ac15a","call _atexit","named-direct","0x40c8fa","pending"
"0x7ac060","CMapObj__RRenderThruPortals","0x7ac175","call TSGrowableArray_CPortalView__SetCount","named-direct","0x794190","pending"
"0x7ac060","CMapObj__RRenderThruPortals","0x7ac180","call TSGrowableArray_CRect__SetCount","named-direct","0x6156c0","pending"
"0x7ac060","CMapObj__RRenderThruPortals","0x7ac1d9","call CMapObj__GetGroupFlags","named-direct","0x7ae7b0","pending"
"0x7ac060","CMapObj__RRenderThruPortals","0x7ac224","call CMapObj__ProjectAndClipPortalPolygon","named-direct","0x7a9090","pending"
"0x7ac060","CMapObj__RRenderThruPortals","0x7ac291","call TSGrowableArray_CRect__Add","named-direct","0x7a8e90","pending"
"0x7ac060","CMapObj__RRenderThruPortals","0x7ac37a","call FloatsApproxEqual","named-direct","0x482870","pending"
"0x7ac060","CMapObj__RRenderThruPortals","0x7ac3a4","call FloatsApproxEqual","named-direct","0x482870","pending"
"0x7ac060","CMapObj__RRenderThruPortals","0x7ac3d8","call CMapObj__AddPortalView","named-direct","0x7a8f20","pending"
"0x7ac060","CMapObj__RRenderThruPortals","0x7ac416","call CWorldScene__ProjectPortalPolygonAndAddView","named-direct","0x7a9200","pending"
"0x7ac060","CMapObj__RRenderThruPortals","0x7ac44b","call C4Vector__Add","named-direct","0x7a6da0","pending"
"0x7ac060","CMapObj__RRenderThruPortals","0x7ac458","call C4Vector__Divide","named-direct","0x7a6dd0","pending"
"0x7ac060","CMapObj__RRenderThruPortals","0x7ac45d","call CWorldScene__FrustumPush","named-direct","0x791950","pending"
"0x7ac060","CMapObj__RRenderThruPortals","0x7ac46b","call CWorldScene__FrustumSet@2","named-direct","0x790e20","pending"
"0x7ac060","CMapObj__RRenderThruPortals","0x7ac48d","call CMapObj__RRenderThruPortals; Recursive DFS portal walker. Args: (this=CMapObj*, group, back_edge_group_to_skip, parent_NDC_rect[xmin,ymin,xmax,ymax], depth, propagated_flag). Per-portal NDC-rect cache @ 0xADFFD4 (28-byte stride, frame-stamped via g_PortalCacheFrameStamp). 6-plane CFrustum built per step from clipped rect via sub_7A6DA0 + sub_7A6DD0, pushed on CWorldScene::Frustum stack. Anti-portals (group flag 0x10000 / mask 0x50148) handled by sub_7A8F20 + top-level rect-trim at LABEL_61. Plane-side test is pure signed_dist < 0.0 — NO -0.3 threshold.","named-direct","0x7ac060","pending"
"0x7ac060","CMapObj__RRenderThruPortals","0x7ac492","call CWorldScene__FrustumPop","named-direct","0x78fb50","pending"
"0x7ac060","CMapObj__RRenderThruPortals","0x7ac650","call AddPortalViewToGlobalList","named-direct","0x795d20","pending"
"0x7ac060","CMapObj__RRenderThruPortals","0x7ac67d","call TSGrowableArray_CPortalView__SetCount","named-direct","0x794190","pending"
"0x7ac060","CMapObj__RRenderThruPortals","0x7ac689","call TSGrowableArray_CRect__SetCount","named-direct","0x6156c0","pending"
"0x7ad350","CMapObj__RRenderThruPortalsFromExterior","0x7ad368","call RRenderThruPortals_SetupTopLevelPortalTransforms","named-direct","0x7a6e00","pending"
"0x7ad350","CMapObj__RRenderThruPortalsFromExterior","0x7ad3a3","call CMapObj__RRenderThruPortals; Recursive DFS portal walker. Args: (this=CMapObj*, group, back_edge_group_to_skip, parent_NDC_rect[xmin,ymin,xmax,ymax], depth, propagated_flag). Per-portal NDC-rect cache @ 0xADFFD4 (28-byte stride, frame-stamped via g_PortalCacheFrameStamp). 6-plane CFrustum built per step from clipped rect via sub_7A6DA0 + sub_7A6DD0, pushed on CWorldScene::Frustum stack. Anti-portals (group flag 0x10000 / mask 0x50148) handled by sub_7A8F20 + top-level rect-trim at LABEL_61. Plane-side test is pure signed_dist < 0.0 — NO -0.3 threshold.","named-direct","0x7ac060","pending"
"0x7b3a10","CWorldScene__CullMapObjDefGroupFromExterior","0x7b3a21","call CMapObj__SetGroupRenderCallback","named-direct","0x7a6b40","pending"
"0x7b3a10","CWorldScene__CullMapObjDefGroupFromExterior","0x7b3a2c","call CWorldScene__FrustumPush","named-direct","0x791950","pending"
"0x7b3a10","CWorldScene__CullMapObjDefGroupFromExterior","0x7b3a3a","call CWorldScene__FrustumSet@2","named-direct","0x790e20","pending"
"0x7b3a10","CWorldScene__CullMapObjDefGroupFromExterior","0x7b3a4f","call CMapObj__GetGroupFlags","named-direct","0x7ae7b0","pending"
"0x7b3a10","CWorldScene__CullMapObjDefGroupFromExterior","0x7b3a5b","call CWorldScene__FrustumCull","named-direct","0x78fb20","pending"
"0x7b3a10","CWorldScene__CullMapObjDefGroupFromExterior","0x7b3a76","call CWorldScene__ClipBufferCull","named-direct","0x78fdc0","pending"
"0x7b3a10","CWorldScene__CullMapObjDefGroupFromExterior","0x7b3a9a","call CMapObj__InvokeRenderCallbackForGroup","named-direct","0x7a6b60","pending"
"0x7b3a10","CWorldScene__CullMapObjDefGroupFromExterior","0x7b3a9f","call CWorldScene__FrustumPop","named-direct","0x78fb50","pending"
"0x7b3a10","CWorldScene__CullMapObjDefGroupFromExterior","0x7b3b07","call CMapObj__RRenderThruPortalsFromExterior","named-direct","0x7ad350","pending"
"0x7b3a10","CWorldScene__CullMapObjDefGroupFromExterior","0x7b3b0c","call CWorldScene__FrustumPop","named-direct","0x78fb50","pending"
"0x7f09b0","DayNight__RenderSky","0x7f0a1c","call Rect__Intersect","named-direct","0x48ed60","pending"
"0x7f09b0","DayNight__RenderSky","0x7f0a79","call GxXformSetViewport","named-direct","0x681f60","pending"
"0x7f09b0","DayNight__RenderSky","0x7f0aa3","call CGxDevice__IRsDirty","named-direct","0x685970","pending"
"0x7f09b0","DayNight__RenderSky","0x7f0ab9","call CGxDevice__SetScissor","named-direct","0x682e70","pending"
"0x7f09b0","DayNight__RenderSky","0x7f0ad7","call CM2Model__IsDrawable","named-direct","0x824fc0","pending"
"0x7f09b0","DayNight__RenderSky","0x7f0b14","call CM2Model__IsDrawable","named-direct","0x824fc0","pending"
"0x7f09b0","DayNight__RenderSky","0x7f0b48","call DayNight__DNStars__Render; Renders g_dnStars M2 scene (Environments\Stars\stars.mdl). model->opacity(v[94]) = byte[+11]/255. Called first in RenderSky (before sun/moon/dome/clouds)","named-direct","0x9abd50","pending"
"0x7f09b0","DayNight__RenderSky","0x7f0b52","call DayNight__RenderCelestialBody; Billboard basis from the view matrix forward column (xform slot 10 = VIEW). row1 forced horizontal -> world-up-aligned billboard. Translation = bodyPos - cameraPos (camera-relative). Blend=2 (Alpha), Lighting/Fog/DepthWrite off, ColorOp0/AlphaOp0 = 0.","named-direct","0x9ac660","pending"
"0x7f09b0","DayNight__RenderSky","0x7f0b5c","call DayNight__RenderCelestialBody; Billboard basis from the view matrix forward column (xform slot 10 = VIEW). row1 forced horizontal -> world-up-aligned billboard. Translation = bodyPos - cameraPos (camera-relative). Blend=2 (Alpha), Lighting/Fog/DepthWrite off, ColorOp0/AlphaOp0 = 0.","named-direct","0x9ac660","pending"
"0x7f09b0","DayNight__RenderSky","0x7f0b66","call DayNight__RenderCelestialBody; Billboard basis from the view matrix forward column (xform slot 10 = VIEW). row1 forced horizontal -> world-up-aligned billboard. Translation = bodyPos - cameraPos (camera-relative). Blend=2 (Alpha), Lighting/Fog/DepthWrite off, ColorOp0/AlphaOp0 = 0.","named-direct","0x9ac660","pending"
"0x7f09b0","DayNight__RenderSky","0x7f0b70","call DayNight__DNSky__Render; BlendingMode 3 = GxBlend_Add (alpha-ref table {0,224,1,1} = Opaque/AlphaKey/Alpha/Add). The dome is ADDITIVE and is drawn AFTER the stars/sun/moons, so it brightens them and paints over the black clear. World matrix = Identity*Scale(6.6666665); with the camera-at-origin view matrix that centres the unit dome on the camera at radius 6.667.","named-direct","0x9acb00","pending"
"0x7f09b0","DayNight__RenderSky","0x7f0b7a","call DayNight__DNClouds__Render; DNClouds::Render. Draws cloud cap mesh (this+92 verts/+104 uv/+116 color/+128 idx, 192v/374i) over the DNSky dome. Matrix stack 8 = Identity*Scale(6.6667) (camera-locked, same as dome). GxBlend_Alpha(2); lighting/fog/depthwrite/cull OFF. Tex0 = procedural ping-pong tex this+144/148[this+11]. Called from DayNight__RenderSky @0x7F09B0 AFTER DNSky__Render.","named-direct","0x9acd40","pending"
"0x7f09b0","DayNight__RenderSky","0x7f0b8c","call OsGetAsyncTimeMs","named-direct","0x86ae20","pending"
"0x7f09b0","DayNight__RenderSky","0x7f0ba0","call CM2Scene__AdvanceTime","named-direct","0x81c9c0","pending"
"0x7f09b0","DayNight__RenderSky","0x7f0bb0","call WowTime__GetHourAndMinutes","named-direct","0x76c360","pending"
"0x7f09b0","DayNight__RenderSky","0x7f0bc4","call AnimateSkyModel; LightSkybox flag 0x1 = full-day anim: seq -1 scrubbed to t=(seqLen*hourMinutes/1440), speed=seqLen/86400000. Only re-issued when |hourMinutes - last| >= 2.","named-direct","0x7ecf20","pending"
"0x7f09b0","DayNight__RenderSky","0x7f0bdf","call AnimateSkyModel; LightSkybox flag 0x1 = full-day anim: seq -1 scrubbed to t=(seqLen*hourMinutes/1440), speed=seqLen/86400000. Only re-issued when |hourMinutes - last| >= 2.","named-direct","0x7ecf20","pending"
"0x7f09b0","DayNight__RenderSky","0x7f0c1a","call DayNight__DrawSkyModel","named-direct","0x7f08c0","pending"
"0x7f09b0","DayNight__RenderSky","0x7f0c4d","call DayNight__DrawSkyModel","named-direct","0x7f08c0","pending"
"0x7f09b0","DayNight__RenderSky","0x7f0c7c","call CGxDevice__IRsDirty","named-direct","0x685970","pending"
"0x7f09b0","DayNight__RenderSky","0x7f0cb3","call GxXformSetViewport","named-direct","0x681f60","pending"
"0x790ab0","CWorldScene__UnionPortalViewBounds","0x790abc","call RectFExt__UnionInPlaceMaxField10ClearField18","named-direct","0x7905b0","pending"
"0x790ad0","CWorldScene__UnionFlaggedPortalViewBounds","0x790adc","call RectFExt__UnionInPlaceMaxField10ClearField18","named-direct","0x7905b0","pending"
"0x7a6e00","RRenderThruPortals_SetupTopLevelPortalTransforms","0x7a6e63","call C44Matrix__Translate","named-direct","0x4c1b30","pending"
"0x7a6e00","RRenderThruPortals_SetupTopLevelPortalTransforms","0x7a6e77","call operator_mul_C44Matrix_C44Matrix","named-direct","0x4c1f00","pending"
"0x7a6e00","RRenderThruPortals_SetupTopLevelPortalTransforms","0x7a6e83","call C44Matrix__operator_assign_C44Matrix","named-direct","0x407f80","pending"
"0x7a6e00","RRenderThruPortals_SetupTopLevelPortalTransforms","0x7a6eb3","call C44Matrix__operator_assign_C44Matrix","named-direct","0x407f80","pending"
"0x7a6e00","RRenderThruPortals_SetupTopLevelPortalTransforms","0x7a6ec1","call operator_mul_C3Vector_C44Matrix","named-direct","0x4c21b0","pending"
"0x7a6e00","RRenderThruPortals_SetupTopLevelPortalTransforms","0x7a6ee8","call operator_mul_C3Vector_C44Matrix","named-direct","0x4c21b0","pending"
"0x7a6e00","RRenderThruPortals_SetupTopLevelPortalTransforms","0x7a6fbd","call CGxDevice__GetViewProjectionMatrix","named-direct","0x682130","pending"
"0x7a6e00","RRenderThruPortals_SetupTopLevelPortalTransforms","0x7a701e","call C44Matrix__operator_assign_C44Matrix","named-direct","0x407f80","pending"
"0x7a6e00","RRenderThruPortals_SetupTopLevelPortalTransforms","0x7a7035","call operator_mul_C44Matrix_C44Matrix","named-direct","0x4c1f00","pending"
"0x7a6e00","RRenderThruPortals_SetupTopLevelPortalTransforms","0x7a7043","call C44Matrix__operator_assign_C44Matrix","named-direct","0x407f80","pending"
"0x7a6e00","RRenderThruPortals_SetupTopLevelPortalTransforms","0x7a7058","call operator_mul_C44Matrix_C44Matrix","named-direct","0x4c1f00","pending"
"0x7a6e00","RRenderThruPortals_SetupTopLevelPortalTransforms","0x7a7066","call C44Matrix__operator_assign_C44Matrix","named-direct","0x407f80","pending"
"0x7a6e00","RRenderThruPortals_SetupTopLevelPortalTransforms","0x7a7074","call C44Matrix__operator_assign_C44Matrix","named-direct","0x407f80","pending"
"0x7a9090","CMapObj__ProjectAndClipPortalPolygon","0x7a90a3","call CMapObjGroup__TestPortalSideIntersection","named-direct","0x7a7210","pending"
"0x7a9090","CMapObj__ProjectAndClipPortalPolygon","0x7a90ec","call CWorldScene__ProjectAndClipWorldPolygon","named-direct","0x7a85e0","pending"
"0x7a9090","CMapObj__ProjectAndClipPortalPolygon","0x7a914b","call Compute2dBoundsFromVertices","named-direct","0x7a6b90","pending"
"0x7a85e0","CWorldScene__ProjectAndClipWorldPolygon","0x7a8676","call operator_mul_C3Vector_C44Matrix","named-direct","0x4c21b0","pending"
"0x7a85e0","CWorldScene__ProjectAndClipWorldPolygon","0x7a869a","call GetDword_D2DCEC","named-direct","0x7ccdf0","pending"
"0x7a85e0","CWorldScene__ProjectAndClipWorldPolygon","0x7a86b2","call TestPointsAgainstClipPlanes","named-direct","0x7ccfa0","pending"
"0x7a85e0","CWorldScene__ProjectAndClipWorldPolygon","0x7a86f2","call CWorldScene__ClipWorldPolygonAgainstPlanes","named-direct","0x7a72a0","pending"
"0x7a85e0","CWorldScene__ProjectAndClipWorldPolygon","0x7a876d","call operator_mul_C4Vector_C44Matrix","named-direct","0x4c2270","pending"
"0x6a38d0","CGxDeviceD3d__IStateSyncScissorRect","0x6a38e8","call CGxDevice__DeviceCurWindow","named-direct","0x682d70","pending"
"0x6a38d0","CGxDeviceD3d__IStateSyncScissorRect","0x6a3902","call __ftol2_sse","named-direct","0x88b9c0","pending"
"0x6a38d0","CGxDeviceD3d__IStateSyncScissorRect","0x6a3919","call __ftol2_sse","named-direct","0x88b9c0","pending"
"0x6a38d0","CGxDeviceD3d__IStateSyncScissorRect","0x6a3942","call __ftol2_sse","named-direct","0x88b9c0","pending"
"0x6a38d0","CGxDeviceD3d__IStateSyncScissorRect","0x6a395e","call __ftol2_sse","named-direct","0x88b9c0","pending"
"0x6a38d0","CGxDeviceD3d__IStateSyncScissorRect","0x6a3973","call __ftol2_sse","named-direct","0x88b9c0","pending"
"0x6a38d0","CGxDeviceD3d__IStateSyncScissorRect","0x6a398f","call __ftol2_sse","named-direct","0x88b9c0","pending"
"0x6a38d0","CGxDeviceD3d__IStateSyncScissorRect","0x6a399f","call __ftol2_sse","named-direct","0x88b9c0","pending"
"0x6a38d0","CGxDeviceD3d__IStateSyncScissorRect","0x6a39c1","call eax","register-indirect","","pending"
"0x7a7210","CMapObjGroup__TestPortalSideIntersection","0x7a725a","call C3Vector__MajorAxis","named-direct","0x9829b0","pending"
"0x7a7210","CMapObjGroup__TestPortalSideIntersection","0x7a727a","call NTempest__Intersect@3","named-direct","0x9830d0","pending"
"0x7a9200","CWorldScene__ProjectPortalPolygonAndAddView","0x7a92a6","call CWorldScene__ProjectAndClipWorldPolygon","named-direct","0x7a85e0","pending"
"0x7a9200","CWorldScene__ProjectPortalPolygonAndAddView","0x7a92ee","call Compute2dBoundsFromVertices","named-direct","0x7a6b90","pending"
"0x7a9200","CWorldScene__ProjectPortalPolygonAndAddView","0x7a9342","call TSGrowableArray_C3Vector__SetCount","named-direct","0x4c4b80","pending"
"0x7a9200","CWorldScene__ProjectPortalPolygonAndAddView","0x7a9354","call near ptr memcpy","named-direct","0x40cb10","pending"
"0x7a9200","CWorldScene__ProjectPortalPolygonAndAddView","0x7a9365","call TSGrowableArray_CPortalView__Add","named-direct","0x7940f0","pending"
"0x6bf6d0","GxuXformCalcFrustumCorners","0x6bf6df","call C44Matrix__Determinant","named-direct","0x4c1930","pending"
"0x6bf6d0","GxuXformCalcFrustumCorners","0x6bf6f1","call C44Matrix__Inverse","named-direct","0x4c2f90","pending"
"0x6bf6d0","GxuXformCalcFrustumCorners","0x6bf6fb","call C44Matrix__Determinant","named-direct","0x4c1930","pending"
"0x6bf6d0","GxuXformCalcFrustumCorners","0x6bf70d","call C44Matrix__Inverse","named-direct","0x4c2f90","pending"
"0x6bf6d0","GxuXformCalcFrustumCorners","0x6bf724","call operator_mul_C44Matrix_C44Matrix","named-direct","0x4c1f00","pending"
"0x6bf6d0","GxuXformCalcFrustumCorners","0x6bf776","call operator_mul_C4Vector_C44Matrix","named-direct","0x4c2270","pending"
"0x6bf6d0","GxuXformCalcFrustumCorners","0x6bf782","call C3Vector__C3Vector","named-direct","0x982950","pending"
"0x6bf6d0","GxuXformCalcFrustumCorners","0x6bf7ba","call operator_mul_C4Vector_C44Matrix","named-direct","0x4c2270","pending"
"0x6bf6d0","GxuXformCalcFrustumCorners","0x6bf7c6","call C3Vector__C3Vector","named-direct","0x982950","pending"
"0x6bf6d0","GxuXformCalcFrustumCorners","0x6bf7fc","call operator_mul_C4Vector_C44Matrix","named-direct","0x4c2270","pending"
"0x6bf6d0","GxuXformCalcFrustumCorners","0x6bf808","call C3Vector__C3Vector","named-direct","0x982950","pending"
"0x6bf6d0","GxuXformCalcFrustumCorners","0x6bf83e","call operator_mul_C4Vector_C44Matrix","named-direct","0x4c2270","pending"
"0x6bf6d0","GxuXformCalcFrustumCorners","0x6bf84a","call C3Vector__C3Vector","named-direct","0x982950","pending"
"0x6bf6d0","GxuXformCalcFrustumCorners","0x6bf880","call operator_mul_C4Vector_C44Matrix","named-direct","0x4c2270","pending"
"0x6bf6d0","GxuXformCalcFrustumCorners","0x6bf88c","call C3Vector__C3Vector","named-direct","0x982950","pending"
"0x6bf6d0","GxuXformCalcFrustumCorners","0x6bf8c2","call operator_mul_C4Vector_C44Matrix","named-direct","0x4c2270","pending"
"0x6bf6d0","GxuXformCalcFrustumCorners","0x6bf8ce","call C3Vector__C3Vector","named-direct","0x982950","pending"
"0x6bf6d0","GxuXformCalcFrustumCorners","0x6bf8fe","call operator_mul_C4Vector_C44Matrix","named-direct","0x4c2270","pending"
"0x6bf6d0","GxuXformCalcFrustumCorners","0x6bf90a","call C3Vector__C3Vector","named-direct","0x982950","pending"
"0x6bf6d0","GxuXformCalcFrustumCorners","0x6bf973","call operator_mul_C4Vector_C44Matrix","named-direct","0x4c2270","pending"
"0x6bf6d0","GxuXformCalcFrustumCorners","0x6bf97f","call C3Vector__C3Vector","named-direct","0x982950","pending"
"0x6bf6d0","GxuXformCalcFrustumCorners","0x6bf9b5","call operator_mul_C4Vector_C44Matrix","named-direct","0x4c2270","pending"
"0x6bf6d0","GxuXformCalcFrustumCorners","0x6bf9c1","call C3Vector__C3Vector","named-direct","0x982950","pending"
"0x6bf6d0","GxuXformCalcFrustumCorners","0x6bf9f5","call operator_mul_C4Vector_C44Matrix","named-direct","0x4c2270","pending"
"0x6bf6d0","GxuXformCalcFrustumCorners","0x6bfa01","call C3Vector__C3Vector","named-direct","0x982950","pending"
"0x6bf6d0","GxuXformCalcFrustumCorners","0x6bfa35","call operator_mul_C4Vector_C44Matrix","named-direct","0x4c2270","pending"
"0x6bf6d0","GxuXformCalcFrustumCorners","0x6bfa41","call C3Vector__C3Vector","named-direct","0x982950","pending"
"0x6bf6d0","GxuXformCalcFrustumCorners","0x6bfa7c","call operator_mul_C4Vector_C44Matrix","named-direct","0x4c2270","pending"
"0x6bf6d0","GxuXformCalcFrustumCorners","0x6bfa88","call C3Vector__C3Vector","named-direct","0x982950","pending"
"0x6bf6d0","GxuXformCalcFrustumCorners","0x6bfabc","call operator_mul_C4Vector_C44Matrix","named-direct","0x4c2270","pending"
"0x6bf6d0","GxuXformCalcFrustumCorners","0x6bfac8","call C3Vector__C3Vector","named-direct","0x982950","pending"
"0x6bf6d0","GxuXformCalcFrustumCorners","0x6bfaf9","call operator_mul_C4Vector_C44Matrix","named-direct","0x4c2270","pending"
"0x6bf6d0","GxuXformCalcFrustumCorners","0x6bfb05","call C3Vector__C3Vector","named-direct","0x982950","pending"
"0x6bf6d0","GxuXformCalcFrustumCorners","0x6bfb39","call operator_mul_C4Vector_C44Matrix","named-direct","0x4c2270","pending"
"0x6bf6d0","GxuXformCalcFrustumCorners","0x6bfb45","call C3Vector__C3Vector","named-direct","0x982950","pending"
"0x984240","CFrustum__CalcPlanesFromCorners@2","0x984307","call CFrustum__CalcPlanesFromCorners","named-direct","0x983e70","pending"
"0x983e70","CFrustum__CalcPlanesFromCorners","0x983e8d","call CFacet__Set","named-direct","0x7912c0","pending"
"0x983e70","CFrustum__CalcPlanesFromCorners","0x983ea7","call CFacet__Set","named-direct","0x7912c0","pending"
"0x983e70","CFrustum__CalcPlanesFromCorners","0x983ebb","call CFacet__Set","named-direct","0x7912c0","pending"
"0x983e70","CFrustum__CalcPlanesFromCorners","0x983ed2","call CFacet__Set","named-direct","0x7912c0","pending"
"0x983e70","CFrustum__CalcPlanesFromCorners","0x983eeb","call CFacet__Set","named-direct","0x7912c0","pending"
"0x6bf370","GxuXformCreateProjection_Exact","0x6bf3e5","call NoOpStub_005EEB70","named-direct","0x5eeb70","pending"
"0x6bf370","GxuXformCreateProjection_Exact","0x6bf3ef","call SErrSetLastError","named-direct","0x771870","pending"
"0x6bf370","GxuXformCreateProjection_Exact","0x6bf40d","call NoOpStub_005EEB70","named-direct","0x5eeb70","pending"
"0x6bf370","GxuXformCreateProjection_Exact","0x6bf417","call SErrSetLastError","named-direct","0x771870","pending"
"0x6bf370","GxuXformCreateProjection_Exact","0x6bf42e","call __CItan","named-direct","0x88dc80","pending"
"0x6a9b40","CGxDeviceD3d__XformSetProjection","0x6a9b58","call C44Matrix__operator_assign_C44Matrix","named-direct","0x407f80","pending"
"0x6a9b40","CGxDeviceD3d__XformSetProjection","0x6a9b9b","call C44Matrix__MultiplyByScalarInPlace","named-direct","0x4c23a0","pending"
