"caller_address","caller_name","callee_address","callee_name","kind","target_review"
"0x793760","CWorldScene__UpdateCullSortLists","0x7cfb10","CMapChunk__UpdateCameraFacingVertexRows","internal","pending"
"0x793760","CWorldScene__UpdateCullSortLists","0x7cc880","CWorldScene__UpdateProjectedClipBufferFromLineSegment","internal","pending"
"0x793760","CWorldScene__UpdateCullSortLists","0x7cca90","WorldSceneNode__DetachAndQueueForReuse","internal","pending"
"0x793760","CWorldScene__UpdateCullSortLists","0x7cecd0","TSExplicitList__UnlinkAllNodes","internal","pending"
"0x793d20","Liquid__BuildDrawInstances_ColorSplit","0x7aea80","CMapObj__GetGroup","internal","pending"
"0x793d20","Liquid__BuildDrawInstances_ColorSplit","0x431f30","CMapObjGroup__GetLiquidTypeId","internal","pending"
"0x793d20","Liquid__BuildDrawInstances_ColorSplit","0x4b5040","SysMsgPrintf","internal","pending"
"0x793d20","Liquid__BuildDrawInstances_ColorSplit","0x65c290","WowClientDB__GetRecord","internal","pending"
"0x793d20","Liquid__BuildDrawInstances_ColorSplit","0x7d5120","Liquid__CClientEnv__Create","internal","pending"
"0x793d20","Liquid__BuildDrawInstances_ColorSplit","0x7d49b0","Liquid__CMeshGeomFactory__CreateForGroup","internal","pending"
"0x793d20","Liquid__BuildDrawInstances_ColorSplit","0x7d4360","Liquid__CMeshGeomFactory__SetUseAuthoredUV","internal","pending"
"0x793d20","Liquid__BuildDrawInstances_ColorSplit","0x7a6d70","CMapObj__GetLiquidMaterialRuntimeRec","internal","pending"
"0x793d20","Liquid__BuildDrawInstances_ColorSplit","0x7d43e0","Liquid__CMeshGeomFactory__SetConstVertexColor","internal","pending"
"0x793d20","Liquid__BuildDrawInstances_ColorSplit","0x7d4370","Liquid__CMeshGeomFactory__SetGradientU","internal","pending"
"0x793d20","Liquid__BuildDrawInstances_ColorSplit","0x8a1b00","Liquid__CInstance__Create","internal","pending"
"0x793d20","Liquid__BuildDrawInstances_ColorSplit","0x8a1fa0","Liquid__CMaterialBank__GetMaterial","internal","pending"
"0x793d20","Liquid__BuildDrawInstances_ColorSplit","0x8a28f0","Liquid__CSettingsBank__GetSettings","internal","pending"
"0x793d20","Liquid__BuildDrawInstances_ColorSplit","0x407f80","C44Matrix__operator_assign_C44Matrix","internal","pending"
"0x793d20","Liquid__BuildDrawInstances_ColorSplit","0x8a20c0","Liquid__CInstance__SubmitToDrawList","internal","pending"
"0x7964a0","CWorldScene__RenderMapObjDefGroups","0x409670","CGxDevice__RsPush","internal","pending"
"0x7964a0","CWorldScene__RenderMapObjDefGroups","0x790020","CWorldScene__CopyFrustumState","internal","pending"
"0x7964a0","CWorldScene__RenderMapObjDefGroups","0x8744e0","CShadowCache__SetShadowMapGenericGlobal","internal","pending"
"0x7964a0","CWorldScene__RenderMapObjDefGroups","0x4c1b30","C44Matrix__Translate","internal","pending"
"0x7964a0","CWorldScene__RenderMapObjDefGroups","0x4c1f00","operator_mul_C44Matrix_C44Matrix","internal","pending"
"0x7964a0","CWorldScene__RenderMapObjDefGroups","0x7a8320","CGxDevice__SetTransform8MatrixAndShaderConstant31","internal","pending"
"0x7964a0","CWorldScene__RenderMapObjDefGroups","0x790440","Liquid__BuildCM2Lighting","internal","pending"
"0x7964a0","CWorldScene__RenderMapObjDefGroups","0x81e400","CM2Scene__SelectLights","internal","pending"
"0x7964a0","CWorldScene__RenderMapObjDefGroups","0x7ecef0","DayNightGetInfo","internal","pending"
"0x7964a0","CWorldScene__RenderMapObjDefGroups","0x7a9160","CMapObj__SetupGroupLocalLights_ZeroEmissive","internal","pending"
"0x7964a0","CWorldScene__RenderMapObjDefGroups","0x7a8430","CMapObj__SetMapObjEmissiveBase_D1BEFC","internal","pending"
"0x7964a0","CWorldScene__RenderMapObjDefGroups","0x7abf50","CMapObj__RenderGroup","internal","pending"
"0x7964a0","CWorldScene__RenderMapObjDefGroups","0x685fb0","CGxDevice__RsPop","internal","pending"
"0x7968d0","CWorldScene__BuildPortalViews","0x794190","TSGrowableArray_CPortalView__SetCount","internal","pending"
"0x7984a0","CWorldScene__RenderDetailDoodads","0x409670","CGxDevice__RsPush","internal","pending"
"0x7984a0","CWorldScene__RenderDetailDoodads","0x57c3a0","CGxDevice__XformPush","internal","pending"
"0x7984a0","CWorldScene__RenderDetailDoodads","0x7b2d30","CDetailDoodad__InitializeRenderState","internal","pending"
"0x7984a0","CWorldScene__RenderDetailDoodads","0x790440","Liquid__BuildCM2Lighting","internal","pending"
"0x7984a0","CWorldScene__RenderDetailDoodads","0x81e400","CM2Scene__SelectLights","internal","pending"
"0x7984a0","CWorldScene__RenderDetailDoodads","0x4c1b30","C44Matrix__Translate","internal","pending"
"0x7984a0","CWorldScene__RenderDetailDoodads","0x7b10e0","CDetailDoodad__SetupVertexShaderConstants","internal","pending"
"0x7984a0","CWorldScene__RenderDetailDoodads","0x8353d0","CM2Lighting__SetupGxLights","internal","pending"
"0x7984a0","CWorldScene__RenderDetailDoodads","0x835750","CM2Lighting__SetupGxFog","internal","pending"
"0x7984a0","CWorldScene__RenderDetailDoodads","0x7b36b0","CDetailDoodadBatch__DrawActive","internal","pending"
"0x7984a0","CWorldScene__RenderDetailDoodads","0x685fb0","CGxDevice__RsPop","internal","pending"
"0x7984a0","CWorldScene__RenderDetailDoodads","0x797280","CWorldScene__DrawDetailDoodadQuads","internal","pending"
"0x7984a0","CWorldScene__RenderDetailDoodads","0x7cd930","CWorldScene__RenderDetailDoodadBatch","internal","pending"
"0x7984a0","CWorldScene__RenderDetailDoodads","0x7976a0","CWorldScene__RenderDetailDoodadBounds","internal","pending"
"0x7989c0","CWorldScene__RenderChunksSinglePass","0x7d3e10","CMapRenderChunk__SetShaders","internal","pending"
"0x7989c0","CWorldScene__RenderChunksSinglePass","0x685f50","CGxDevice__RsSet_pointer_to_void","internal","pending"
"0x7989c0","CWorldScene__RenderChunksSinglePass","0x7d04a0","CMapRenderChunk__RenderSetup","internal","pending"
"0x7989c0","CWorldScene__RenderChunksSinglePass","0xd25098","CMapRenderChunk__s_renderLayersFunc","external","pending"
"0x7989c0","CWorldScene__RenderChunksSinglePass","0x7d2d70","CMapRenderChunk__RenderSinglePassVertexPixelShader","internal","pending"
"0x7989c0","CWorldScene__RenderChunksSinglePass","0x7d28b0","CMapRenderChunk__RenderSinglePassPixelShader","internal","pending"
"0x7989c0","CWorldScene__RenderChunksSinglePass","0x4c1b30","C44Matrix__Translate","internal","pending"
"0x7989c0","CWorldScene__RenderChunksSinglePass","0x7d40a0","CMapChunkDebug_DrawVertexColumns","internal","pending"
"0x7989c0","CWorldScene__RenderChunksSinglePass","0x7cecd0","TSExplicitList__UnlinkAllNodes","internal","pending"
"0x798da0","CWorldScene__RenderChunks","0x409670","CGxDevice__RsPush","internal","pending"
"0x798da0","CWorldScene__RenderChunks","0x4c1b30","C44Matrix__Translate","internal","pending"
"0x798da0","CWorldScene__RenderChunks","0x407f80","C44Matrix__operator_assign_C44Matrix","internal","pending"
"0x798da0","CWorldScene__RenderChunks","0x7cfbe0","CMapRenderChunk__InitializeVertexShaderConstants","internal","pending"
"0x798da0","CWorldScene__RenderChunks","0x7ecef0","DayNightGetInfo","internal","pending"
"0x798da0","CWorldScene__RenderChunks","0x685970","CGxDevice__IRsDirty","internal","pending"
"0x798da0","CWorldScene__RenderChunks","0x763c70","CGxDevice__SetFloatRenderState","internal","pending"
"0x798da0","CWorldScene__RenderChunks","0x532af0","CGxDevice__Caps","internal","pending"
"0x798da0","CWorldScene__RenderChunks","0x984c90","C4Vector__constructor","internal","pending"
"0x798da0","CWorldScene__RenderChunks","0x874660","CShadowCache__SetShadowMapTerrain","internal","pending"
"0x798da0","CWorldScene__RenderChunks","0x7989c0","CWorldScene__RenderChunksSinglePass","internal","pending"
"0x798da0","CWorldScene__RenderChunks","0x793b10","CWorldScene__RenderChunksSolid","internal","pending"
"0x798da0","CWorldScene__RenderChunks","0x793c30","CWorldScene__RenderChunksZoneDebug","internal","pending"
"0x798da0","CWorldScene__RenderChunks","0x685fb0","CGxDevice__RsPop","internal","pending"
"0x799f80","CWorldScene__CullMapObjGroupsAndInteriors","0x790020","CWorldScene__CopyFrustumState","internal","pending"
"0x799f80","CWorldScene__CullMapObjGroupsAndInteriors","0x790af0","CWorldScene__FrustumSet","internal","pending"
"0x799f80","CWorldScene__CullMapObjGroupsAndInteriors","0x9839e0","CFrustum__Cull","internal","pending"
"0x799f80","CWorldScene__CullMapObjGroupsAndInteriors","0x7b3a10","CWorldScene__CullMapObjDefGroupFromExterior","internal","pending"
"0x799f80","CWorldScene__CullMapObjGroupsAndInteriors","0x78fb60","CWorldScene__ClassifyFadeDistance","internal","pending"
"0x799f80","CWorldScene__CullMapObjGroupsAndInteriors","0x799b70","CWorldScene__CullDoodadsInterior","internal","pending"
"0x799f80","CWorldScene__CullMapObjGroupsAndInteriors","0x793270","CWorldScene__CullEntitysInterior","internal","pending"
"0x79a260","CWorldScene__CullInteriorGroups","0x7ae7b0","CMapObj__GetGroupFlags","internal","pending"
"0x79a260","CWorldScene__CullInteriorGroups","0x78fb60","CWorldScene__ClassifyFadeDistance","internal","pending"
"0x79a260","CWorldScene__CullInteriorGroups","0x799b70","CWorldScene__CullDoodadsInterior","internal","pending"
"0x79a260","CWorldScene__CullInteriorGroups","0x793270","CWorldScene__CullEntitysInterior","internal","pending"
"0x79a790","CWorldScene__CullSortTable","0x7cd850","CWorldScene__CullClipVolumesAgainstFrustum","internal","pending"
"0x79a790","CWorldScene__CullSortTable","0x790020","CWorldScene__CopyFrustumState","internal","pending"
"0x79a790","CWorldScene__CullSortTable","0x790af0","CWorldScene__FrustumSet","internal","pending"
"0x79a790","CWorldScene__CullSortTable","0x799d40","CWorldScene__CullChunks","internal","pending"
"0x79a790","CWorldScene__CullSortTable","0x79a160","CWorldScene__CullMapObjDefGroups","internal","pending"
"0x79a790","CWorldScene__CullSortTable","0x7935a0","CWorldScene__CullLiquid","internal","pending"
"0x79a790","CWorldScene__CullSortTable","0x793060","CWorldScene__CullEntitys","internal","pending"
"0x79a790","CWorldScene__CullSortTable","0x78fb60","CWorldScene__ClassifyFadeDistance","internal","pending"
"0x79a790","CWorldScene__CullSortTable","0x7987a0","CWorldScene__CullDoodads","internal","pending"
"0x79a790","CWorldScene__CullSortTable","0x793760","CWorldScene__UpdateCullSortLists","internal","pending"
"0x79a790","CWorldScene__CullSortTable","0x791980","CWorldScene__CullHorizon","internal","pending"
"0x7bb570","CShadowQuery__Update","0x875c10","CShadowCache__PreUpdate","internal","pending"
"0x7bb570","CShadowQuery__Update","0x7bb3e0","DayNight__GetSunDirectionOrCameraObjectPosition","internal","pending"
"0x7bb570","CShadowQuery__Update","0x874010","CShadowCache__SetDebugParams","internal","pending"
"0x7bb570","CShadowQuery__Update","0x875f80","CShadowCache__CreateResources","internal","pending"
"0x7bb570","CShadowQuery__Update","0x8750b0","CShadowCache__PostUpdate","internal","pending"
"0x4f8ea0","CGWorldFrame__OnWorldRender","0x409670","CGxDevice__RsPush","internal","pending"
"0x4f8ea0","CGWorldFrame__OnWorldRender","0x408bf0","GxRsSet_int32_t","internal","pending"
"0x4f8ea0","CGWorldFrame__OnWorldRender","0x4f8770","FFXGlow_SetParamsFromDayNight","internal","pending"
"0x4f8ea0","CGWorldFrame__OnWorldRender","0x8c1770","FFX__Start","internal","pending"
"0x4f8ea0","CGWorldFrame__OnWorldRender","0x4f5d90","Vec4NotEqual","internal","pending"
"0x4f8ea0","CGWorldFrame__OnWorldRender","0x6813b0","GxSceneClear","internal","pending"
"0x4f8ea0","CGWorldFrame__OnWorldRender","0x408070","GxXformViewport","internal","pending"
"0x4f8ea0","CGWorldFrame__OnWorldRender","0x682d50","CGxDevice__GetRenderTargetSlotTexture","internal","pending"
"0x4f8ea0","CGWorldFrame__OnWorldRender","0x681f60","GxXformSetViewport","internal","pending"
"0x4f8ea0","CGWorldFrame__OnWorldRender","0x4e6f80","j_TextureCacheResetLoadCount","internal","pending"
"0x4f8ea0","CGWorldFrame__OnWorldRender","0x7e5120","WorldRender__IncrementGlobalDword_D380A4","internal","pending"
"0x4f8ea0","CGWorldFrame__OnWorldRender","0x715380","CGUnit_C__NamePlateSetResortAll","internal","pending"
"0x4f8ea0","CGWorldFrame__OnWorldRender","0x872c10","CShaderEffect__UpdateProjMatrix","internal","pending"
"0x4f8ea0","CGWorldFrame__OnWorldRender","0x77eff0","World__Render","internal","pending"
"0x4f8ea0","CGWorldFrame__OnWorldRender","0x77f070","j_CWorldScene__RenderFootstepDecals","internal","pending"
"0x4f8ea0","CGWorldFrame__OnWorldRender","0x4d4b30","ClntObjMgrEnumVisibleObjects","internal","pending"
"0x4f8ea0","CGWorldFrame__OnWorldRender","0x7153a0","CGUnit_C__NamePlateUpdateLevels","internal","pending"
"0x4f8ea0","CGWorldFrame__OnWorldRender","0x7153c0","CGUnit_C__NamePlateUpdateColor","internal","pending"
"0x4f8ea0","CGWorldFrame__OnWorldRender","0x615890","SmartScreenRectClearGrid","internal","pending"
"0x4f8ea0","CGWorldFrame__OnWorldRender","0x725890","CGUnit_C__UnitNameplatesReposition","internal","pending"
"0x4f8ea0","CGWorldFrame__OnWorldRender","0x81ca10","SetFloatField6","internal","pending"
"0x4f8ea0","CGWorldFrame__OnWorldRender","0x823cb0","CM2Scene__Draw","internal","pending"
"0x4f8ea0","CGWorldFrame__OnWorldRender","0x4f8a40","Spell_C_RenderCursorWorldObjectProjection","internal","pending"
"0x4f8ea0","CGWorldFrame__OnWorldRender","0x780640","World__GetCamPos","internal","pending"
"0x4f8ea0","CGWorldFrame__OnWorldRender","0x681ba0","GxuSortDrawList","internal","pending"
"0x4f8ea0","CGWorldFrame__OnWorldRender","0x682960","GxuFlushDrawList","internal","pending"
"0x4f8ea0","CGWorldFrame__OnWorldRender","0x77f010","j_CWorldScene__RenderDetailDoodads","internal","pending"
"0x4f8ea0","CGWorldFrame__OnWorldRender","0x780620","Liquid__GetUnderwaterDarkenInfo","internal","pending"
"0x4f8ea0","CGWorldFrame__OnWorldRender","0x77f020","TailThunk_sub_790A80","internal","pending"
"0x4f8ea0","CGWorldFrame__OnWorldRender","0x77f030","CWorldScene__RenderWeather","internal","pending"
"0x4f8ea0","CGWorldFrame__OnWorldRender","0x77f980","RenderWorldBarriers","internal","pending"
"0x4f8ea0","CGWorldFrame__OnWorldRender","0x7fca30","SpellVisualsTick","internal","pending"
"0x4f8ea0","CGWorldFrame__OnWorldRender","0x7f9ec0","SpellVisualsRender","internal","pending"
"0x4f8ea0","CGWorldFrame__OnWorldRender","0x6fdfb0","CGWorldFrame__RenderUnitMissileTrajectory","internal","pending"
"0x4f8ea0","CGWorldFrame__OnWorldRender","0x4f6f90","CGWorldFrame__FlushPendingObjectCallbacks","internal","pending"
"0x4f8ea0","CGWorldFrame__OnWorldRender","0x77f9d0","World_RenderLiquidParticulate","internal","pending"
"0x4f8ea0","CGWorldFrame__OnWorldRender","0x5eeb70","NoOpStub_005EEB70","internal","pending"
"0x4f8ea0","CGWorldFrame__OnWorldRender","0x7f0870","DayNight__DrawTexturedViewports","internal","pending"
"0x4f8ea0","CGWorldFrame__OnWorldRender","0x7e5580","PlayerNameUpdateLate","internal","pending"
"0x4f8ea0","CGWorldFrame__OnWorldRender","0x401260","GxMasterEnableSet","internal","pending"
"0x4f8ea0","CGWorldFrame__OnWorldRender","0x685fb0","CGxDevice__RsPop","internal","pending"
"0x4f8ea0","CGWorldFrame__OnWorldRender","0x56c7a0","CGChatBubbleFrame__OnWorldRender","internal","pending"
"0x4f8ea0","CGWorldFrame__OnWorldRender","0x8c1010","FFX__DoPass","internal","pending"
"0x4f8ea0","CGWorldFrame__OnWorldRender","0x747ae0","CVehiclePassenger_C__PostRenderUpdateAll","internal","pending"
"0x77eff0","World__Render","0x79a870","CWorldScene__Render","internal","pending"
"0x795400","CWorldScene__Update","0x5eeb70","NoOpStub_005EEB70","internal","pending"
"0x795400","CWorldScene__Update","0x794190","TSGrowableArray_CPortalView__SetCount","internal","pending"
"0x795400","CWorldScene__Update","0x7906c0","CWorldScene_BuildOffsetClipPlanes","internal","pending"
"0x795400","CWorldScene__Update","0x407f80","C44Matrix__operator_assign_C44Matrix","internal","pending"
"0x795400","CWorldScene__Update","0x6bf6d0","GxuXformCalcFrustumCorners","internal","pending"
"0x795400","CWorldScene__Update","0x984240","CFrustum__CalcPlanesFromCorners@2","internal","pending"
"0x795400","CWorldScene__Update","0x4c1b30","C44Matrix__Translate","internal","pending"
"0x795400","CWorldScene__Update","0x4c1f00","operator_mul_C44Matrix_C44Matrix","internal","pending"
"0x795400","CWorldScene__Update","0x984930","CAaBox__Bounding","internal","pending"
"0x795400","CWorldScene__Update","0x6bfe60","GxuXformCreateLookAtSgCompat","internal","pending"
"0x795400","CWorldScene__Update","0x86ae20","OsGetAsyncTimeMs","internal","pending"
"0x795400","CWorldScene__Update","0x9a81f0","CWorldScene_UpdateGxuSceneObjects","internal","pending"
"0x79a870","CWorldScene__Render","0x792bd0","CWorldScene__RebucketRenderNodesByDepth","internal","pending"
"0x79a870","CWorldScene__Render","0x790920","CWorldScene__UpdateViewerLiquid","internal","pending"
"0x79a870","CWorldScene__Render","0x409670","CGxDevice__RsPush","internal","pending"
"0x79a870","CWorldScene__Render","0x57c3a0","CGxDevice__XformPush","internal","pending"
"0x79a870","CWorldScene__Render","0x984240","CFrustum__CalcPlanesFromCorners@2","internal","pending"
"0x79a870","CWorldScene__Render","0x4f5960","CGWorldFrame__GetActiveCamera","internal","pending"
"0x79a870","CWorldScene__Render","0x782f20","CWorldScene__UpdateObjectFadeoutList","internal","pending"
"0x79a870","CWorldScene__Render","0x7ba600","CMapRenderChunk__UpdatePools","internal","pending"
"0x79a870","CWorldScene__Render","0x7ae060","CMapObj__UpdatePools","internal","pending"
"0x79a870","CWorldScene__Render","0x7b2a80","CDetailDoodad__UpdatePools","internal","pending"
"0x79a870","CWorldScene__Render","0x40bb80","_memset","internal","pending"
"0x79a870","CWorldScene__Render","0x7cd910","CShadowQuery_ResetClipVolumes","internal","pending"
"0x79a870","CWorldScene__Render","0x7cc810","CWorldScene__BucketVisibleMapObjDefSegments","internal","pending"
"0x79a870","CWorldScene__Render","0x7b3b20","CWorldScene_RenderMapObjLiquids","internal","pending"
"0x79a870","CWorldScene__Render","0x794190","TSGrowableArray_CPortalView__SetCount","internal","pending"
"0x79a870","CWorldScene__Render","0x79a790","CWorldScene__CullSortTable","internal","pending"
"0x79a870","CWorldScene__Render","0x794250","CWorldScene__RecycleRenderNodes","internal","pending"
"0x79a870","CWorldScene__Render","0x799f80","CWorldScene__CullMapObjGroupsAndInteriors","internal","pending"
"0x79a870","CWorldScene__Render","0x79a260","CWorldScene__CullInteriorGroups","internal","pending"
"0x79a870","CWorldScene__Render","0x793450","CWorldScene__UpdateModelAnimationStates","internal","pending"
"0x79a870","CWorldScene__Render","0x7cecd0","TSExplicitList__UnlinkAllNodes","internal","pending"
"0x79a870","CWorldScene__Render","0x7ecef0","DayNightGetInfo","internal","pending"
"0x79a870","CWorldScene__Render","0x683100","CGxDevice__MasterEnable","internal","pending"
"0x79a870","CWorldScene__Render","0x7ece00","GetDword_D38AD0","internal","pending"
"0x79a870","CWorldScene__Render","0x6813b0","GxSceneClear","internal","pending"
"0x79a870","CWorldScene__Render","0x9a80c0","CWorldScene__RenderChildren","internal","pending"
"0x79a870","CWorldScene__Render","0x7bb670","CWorldScene__UpdateCameraPlaneFromPoint","internal","pending"
"0x79a870","CWorldScene__Render","0x81c9c0","CM2Scene__AdvanceTime","internal","pending"
"0x79a870","CWorldScene__Render","0x821a20","CM2Scene__Animate","internal","pending"
"0x79a870","CWorldScene__Render","0x6fda20","CGUnit_C__UpdateMissileTrajectoryTargeting","internal","pending"
"0x79a870","CWorldScene__Render","0x7bb570","CShadowQuery__Update","internal","pending"
"0x79a870","CWorldScene__Render","0x872c10","CShaderEffect__UpdateProjMatrix","internal","pending"
"0x79a870","CWorldScene__Render","0x781610","DayNight__ApplyFogRenderState","internal","pending"
"0x79a870","CWorldScene__Render","0x798da0","CWorldScene__RenderChunks","internal","pending"
"0x79a870","CWorldScene__Render","0x7964a0","CWorldScene__RenderMapObjDefGroups","internal","pending"
"0x79a870","CWorldScene__Render","0x795f80","CWorldScene__RenderMapObjSpecialProjGroups_UnlitPNC","internal","pending"
"0x79a870","CWorldScene__Render","0x7968d0","CWorldScene__BuildPortalViews","internal","pending"
"0x79a870","CWorldScene__Render","0x796c10","CWorldScene__RenderPortalViewVolumes","internal","pending"
"0x79a870","CWorldScene__Render","0x7f31c0","DayNight__SetBlendSky","internal","pending"
"0x79a870","CWorldScene__Render","0x7f09b0","DayNight__RenderSky","internal","pending"
"0x79a870","CWorldScene__Render","0x793980","CWorldScene__UpdateModelCullAndBounds","internal","pending"
"0x79a870","CWorldScene__Render","0x8a2f00","Liquid__RefreshProceduralTextures","internal","pending"
"0x79a870","CWorldScene__Render","0x793d20","Liquid__BuildDrawInstances_ColorSplit","internal","pending"
"0x79a870","CWorldScene__Render","0x8a2240","Liquid__CDrawList__SortAndFlush","internal","pending"
"0x79a870","CWorldScene__Render","0x784a30","CWorldScene_GetActiveVolumeBounds","internal","pending"
"0x79a870","CWorldScene__Render","0x685fb0","CGxDevice__RsPop","internal","pending"
"0x79a870","CWorldScene__Render","0x6164b0","CommitCursorItemImage","internal","pending"
"0x79a870","CWorldScene__Render","0x7d5610","CWorldScene__DrawBufferedTransparentGeometry","internal","pending"
"0x79a870","CWorldScene__Render","0x793fd0","TSGrowableArray_CGxVertexPC__SetCount","internal","pending"
"0x7ca180","CMapObjGroup__BspWalkRay","0x7c9a00","CMapObjGroup__EmitLeafFaces","internal","pending"
"0x7ca180","CMapObjGroup__BspWalkRay","0x7ca180","CMapObjGroup__BspWalkRay","internal","pending"
"0x7ca180","CMapObjGroup__BspWalkRay","0x78f4d0","Vec3_LerpSegment","internal","pending"
"0x7ca180","CMapObjGroup__BspWalkRay","0x78f480","C3Segment__SetEndpoints","internal","pending"
"0x7cb0c0","CMapObjGroup__GetTris","0x7c78e0","CMapObjGroup__InitRayQuery","internal","pending"
"0x7cb0c0","CMapObjGroup__GetTris","0x7ca180","CMapObjGroup__BspWalkRay","internal","pending"
"0x7cb0c0","CMapObjGroup__GetTris","0x7c7ae0","CMapObjGroup__GetTrisFromQuery","internal","pending"
"0x7cb0c0","CMapObjGroup__GetTris","0x7c9dd0","CMapObjGroup__VectorIntersectLiquid","internal","pending"
"0x7cb0c0","CMapObjGroup__GetTris","0x7c7610","CMapObjGroup__CleanupRayQuery","internal","pending"
"0x7d59b0","CMap__LocateViewerMapObjs","0x7b3990","CMapObjDef__TestAABox","internal","pending"
"0x7d59b0","CMap__LocateViewerMapObjs","0x4c21b0","operator_mul_C3Vector_C44Matrix","internal","pending"
"0x7d59b0","CMap__LocateViewerMapObjs","0x7ae840","CMapObj__TestBounds@2","internal","pending"
"0x7d59b0","CMap__LocateViewerMapObjs","0x7aea80","CMapObj__GetGroup","internal","pending"
"0x7d59b0","CMap__LocateViewerMapObjs","0x7ae880","CMapObj__TestGroupBounds","internal","pending"
"0x7d59b0","CMap__LocateViewerMapObjs","0x7cb0c0","CMapObjGroup__GetTris","internal","pending"
"0x7d59b0","CMap__LocateViewerMapObjs","0x7af280","CMapObj__VectorIntersectPortal","internal","pending"
"0x7d59b0","CMap__LocateViewerMapObjs","0x7aeb10","CMapObj__GetGroupInfo","internal","pending"
"0x821a20","CM2Scene__Animate","0x407f80","C44Matrix__operator_assign_C44Matrix","internal","pending"
"0x821a20","CM2Scene__Animate","0x4c1b30","C44Matrix__Translate","internal","pending"
"0x821a20","CM2Scene__Animate","0x4c1930","C44Matrix__Determinant","internal","pending"
"0x821a20","CM2Scene__Animate","0x4c2f90","C44Matrix__Inverse","internal","pending"
"0x821a20","CM2Scene__Animate","0x81bfa0","CM2Cache__BeginThread","internal","pending"
"0x821a20","CM2Scene__Animate","0x82e140","CM2Model__AnimateMTSimple","internal","pending"
"0x821a20","CM2Scene__Animate","0x82f0f0","CM2Model__AnimateMT","internal","pending"
"0x821a20","CM2Scene__Animate","0x81bfd0","CM2Cache__WaitThread","internal","pending"
"0x821a20","CM2Scene__Animate","0x828a00","CM2Model__AnimateST","internal","pending"
"0x821a20","CM2Scene__Animate","0x831af0","CM2Model__SetupLighting","internal","pending"
"0x821a20","CM2Scene__Animate","0x824fc0","CM2Model__IsDrawable","internal","pending"
"0x821a20","CM2Scene__Animate","0x4c21b0","operator_mul_C3Vector_C44Matrix","internal","pending"
"0x821a20","CM2Scene__Animate","0x81cdc0","TSGrowableArray_M2Element__ReallocData","internal","pending"
"0x821a20","CM2Scene__Animate","0x824550","CM2Model__IsBatchDoodadCompatible","internal","pending"
"0x821a20","CM2Scene__Animate","0x81f1d0","CM2Scene__ComputeElementShaders","internal","pending"
"0x821a20","CM2Scene__Animate","0x466910","TSFixedArray__ReallocData","internal","pending"
"0x821a20","CM2Scene__Animate","0x480fd0","TSGrowableArray_uint32__Add","internal","pending"
"0x821a20","CM2Scene__Animate","0x7f7980","TSGrowableArray_32__CalcChunkSize","internal","pending"
"0x821a20","CM2Scene__Animate","0x97f640","CRibbonEmitter__IsDead","internal","pending"
"0x821a20","CM2Scene__Animate","0x821930","CM2Scene__AddParticleElement","internal","pending"
"0x821a20","CM2Scene__Animate","0x40bb80","_memset","internal","pending"
"0x821a20","CM2Scene__Animate","0x81cc50","CM2Scene__ComputeAnimationStateKey","internal","pending"
"0x821a20","CM2Scene__Animate","0x81e5c0","CM2Scene__CompareRenderSortEntries","internal","pending"
"0x821a20","CM2Scene__Animate","0x83dcf0","M2HeapSort","internal","pending"
"0x821a20","CM2Scene__Animate","0x81f9e0","CM2Scene__SortAdditiveParticleElements","internal","pending"
"0x823130","CM2SceneRender__Draw","0x409670","CGxDevice__RsPush","internal","pending"
"0x823130","CM2SceneRender__Draw","0x407f80","C44Matrix__operator_assign_C44Matrix","internal","pending"
"0x823130","CM2SceneRender__Draw","0x685970","CGxDevice__IRsDirty","internal","pending"
"0x823130","CM2SceneRender__Draw","0x682d20","CGxDevice__DeviceApi","internal","pending"
"0x823130","CM2SceneRender__Draw","0x4c1930","C44Matrix__Determinant","internal","pending"
"0x823130","CM2SceneRender__Draw","0x4c2f90","C44Matrix__Inverse","internal","pending"
"0x823130","CM2SceneRender__Draw","0x4c23d0","C44Matrix__Transpose","internal","pending"
"0x823130","CM2SceneRender__Draw","0x872c10","CShaderEffect__UpdateProjMatrix","internal","pending"
"0x823130","CM2SceneRender__Draw","0x8744e0","CShadowCache__SetShadowMapGenericGlobal","internal","pending"
"0x823130","CM2SceneRender__Draw","0x81c840","CM2Cache__LinkToSharedUpdateList","internal","pending"
"0x823130","CM2SceneRender__Draw","0x8203b0","CM2SceneRender__DrawBatch","internal","pending"
"0x823130","CM2SceneRender__Draw","0x820720","CM2SceneRender__DrawBatchProj","internal","pending"
"0x823130","CM2SceneRender__Draw","0x820ae0","CM2SceneRender__DrawBatchDoodad","internal","pending"
"0x823130","CM2SceneRender__Draw","0x820f40","CM2SceneRender__DrawRibbon","internal","pending"
"0x823130","CM2SceneRender__Draw","0x8214e0","CM2SceneRender__DrawParticle","internal","pending"
"0x823130","CM2SceneRender__Draw","0x8230d0","CM2SceneRender__DrawCallback","internal","pending"
"0x823130","CM2SceneRender__Draw","0x685fb0","CGxDevice__RsPop","internal","pending"
"0x823cb0","CM2Scene__Draw","0x5eeb70","NoOpStub_005EEB70","internal","pending"
"0x823cb0","CM2Scene__Draw","0x81f330","CM2SceneRender__constructor","internal","pending"
"0x823cb0","CM2Scene__Draw","0x823130","CM2SceneRender__Draw","internal","pending"
"0x7af280","CMapObj__VectorIntersectPortal","0x7ae970","CMapObj__PortalBoundsIntersectsSphere","internal","pending"
"0x7af280","CMapObj__VectorIntersectPortal","0x7f9480","CWorldMath__VectorIntersectAABox2","internal","pending"
"0x7af280","CMapObj__VectorIntersectPortal","0x982fb0","NTempest__Intersect@2","internal","pending"
"0x7af280","CMapObj__VectorIntersectPortal","0x9829b0","C3Vector__MajorAxis","internal","pending"
"0x7af280","CMapObj__VectorIntersectPortal","0x9830d0","NTempest__Intersect@3","internal","pending"
"0x780770","World__ValidateFarClip","0x86b4c0","OsGetPhysicalMemory","internal","pending"
